V_flux,V_flux_err,V_mag,V_mag_err,I_flux,I_flux_err,I_mag,I_mag_err,V_minus_I,color_err,X_pos,Y_pos,Main_Sequence
105126.6347,1822.5081,13.4496,0.0188,35988.4304,602.2565,13.3081,0.0182,0.1415,0.0262,2527.3937,4821.7170,False
43299.4241,856.4271,14.4127,0.0215,17527.0449,448.2370,14.0892,0.0278,0.3235,0.0351,1797.8635,2252.4745,False
28952.6014,351.0007,14.8497,0.0132,15121.3828,286.3707,14.2495,0.0206,0.6002,0.0244,3134.3016,3263.2930,False
17768.5024,497.1834,15.3798,0.0304,13231.6912,306.0310,14.3945,0.0251,0.9853,0.0394,4307.5056,2090.7535,False
17723.1385,473.9300,15.3825,0.0290,10667.5921,293.7851,14.6283,0.0299,0.7542,0.0417,3310.8357,1263.8144,False
17089.8800,504.0912,15.4221,0.0320,8462.4357,289.5504,14.8798,0.0371,0.5423,0.0490,4745.7858,4477.8576,False
16988.6262,595.6461,15.4285,0.0381,14068.8573,413.8757,14.3279,0.0319,1.1007,0.0497,3698.0413,5136.0108,False
15495.3396,566.8933,15.5284,0.0397,15524.0770,353.6752,14.2210,0.0247,1.3074,0.0468,5305.0788,5109.2211,False
14096.1485,438.6387,15.6311,0.0338,11260.5692,300.6827,14.5696,0.0290,1.0615,0.0445,363.4649,2986.7976,False
12471.6321,428.5046,15.7641,0.0373,595.7487,80.5801,17.7608,0.1469,-1.9968,0.1515,4581.6925,5161.2016,False
12180.9508,405.2789,15.7897,0.0361,11250.3952,261.3008,14.5706,0.0252,1.2191,0.0441,3342.2711,2192.5749,False
12079.9427,372.2489,15.7987,0.0335,10953.8738,255.4306,14.5996,0.0253,1.1992,0.0420,857.0981,910.0486,False
11465.5103,401.1665,15.8554,0.0380,17892.5696,261.8021,14.0668,0.0159,1.7886,0.0412,3089.4241,1669.4552,False
11388.0851,275.3587,15.8628,0.0263,632.8897,82.3595,17.6952,0.1413,-1.8324,0.1437,5106.3016,5279.4324,False
10941.2161,202.5543,15.9062,0.0201,644.8030,77.4088,17.6749,0.1303,-1.7687,0.1319,1777.4468,5160.1056,False
10503.4781,204.3574,15.9506,0.0211,641.0831,72.1791,17.6812,0.1222,-1.7306,0.1241,3288.3196,4384.3254,False
10180.8612,218.8312,15.9844,0.0233,653.9702,64.8828,17.6596,0.1077,-1.6752,0.1102,3977.2392,2810.3375,False
9764.5188,225.3661,16.0298,0.0251,680.0543,63.1221,17.6171,0.1008,-1.5874,0.1038,4754.7519,2190.2782,False
9510.0025,216.6340,16.0584,0.0247,608.4358,77.6192,17.7380,0.1385,-1.6795,0.1407,662.9731,3582.3638,False
9455.2718,153.5897,16.0647,0.0176,672.4110,62.9823,17.6294,0.1017,-1.5647,0.1032,5098.4609,2686.6016,False
9384.6060,129.2399,16.0729,0.0150,573.2339,64.9365,17.8027,0.1230,-1.7298,0.1239,2573.4633,4005.1853,False
9192.5703,304.0338,16.0953,0.0359,736.0169,86.7943,17.5313,0.1280,-1.4360,0.1330,2802.5333,526.0219,False
9036.7171,117.7212,16.1139,0.0141,615.2163,54.7427,17.7259,0.0966,-1.6121,0.0976,3194.8072,4052.5794,False
9001.2577,117.5113,16.1181,0.0142,646.0268,63.6680,17.6729,0.1070,-1.5547,0.1079,1483.5610,4666.2418,False
8518.6830,149.1248,16.1780,0.0190,671.1007,74.4467,17.6315,0.1204,-1.4536,0.1219,2912.6952,1979.1633,False
8494.5946,416.5286,16.1810,0.0532,13788.9509,384.7561,14.3497,0.0303,1.8314,0.0613,1717.2750,3241.9958,False
1474.9900,57.1122,18.0819,0.0420,699.0117,42.4046,17.5873,0.0659,0.4946,0.0781,4900.0000,5331.0000,False
1466.3715,44.5549,18.0883,0.0330,692.4379,43.4946,17.5975,0.0682,0.4907,0.0758,2222.0000,5200.0000,False
1438.8341,24.2539,18.1089,0.0183,667.1123,20.1006,17.6380,0.0327,0.4709,0.0375,4742.0000,1720.0000,False
1406.6031,22.7626,18.1335,0.0176,670.4352,22.0046,17.6326,0.0356,0.5009,0.0397,3617.0000,5258.0000,False
1390.7013,26.4348,18.1458,0.0206,653.0410,22.9452,17.6611,0.0381,0.4847,0.0434,5368.0000,2672.0000,False
1381.4273,21.4389,18.1531,0.0168,617.7566,8.0086,17.7215,0.0141,0.4316,0.0220,3599.0000,4841.0000,False
1375.9789,18.4916,18.1574,0.0146,653.3245,19.3018,17.6607,0.0321,0.4967,0.0352,4393.0000,3149.0000,False
1375.7807,23.5806,18.1575,0.0186,648.7125,19.2155,17.6684,0.0322,0.4892,0.0372,5329.0000,1991.0000,False
1371.6854,64.8716,18.1608,0.0513,642.6614,38.3570,17.6785,0.0648,0.4822,0.0827,4770.0000,4398.0000,False
1371.3643,24.8378,18.1610,0.0197,663.3758,22.6424,17.6441,0.0371,0.5169,0.0420,4957.0000,5097.0000,False
1363.7798,16.3847,18.1670,0.0130,625.1433,4.5718,17.7086,0.0079,0.4585,0.0153,3515.0000,5198.0000,False
1358.7684,17.0607,18.1710,0.0136,665.4024,13.3094,17.6408,0.0217,0.5302,0.0256,5041.0000,4655.0000,False
1358.3723,38.4671,18.1714,0.0307,631.9775,34.8540,17.6967,0.0599,0.4746,0.0673,3220.0000,4648.0000,False
1351.3134,16.3391,18.1770,0.0131,628.7921,16.1838,17.7022,0.0279,0.4748,0.0309,5253.0000,4452.0000,False
1350.2605,27.5211,18.1779,0.0221,662.2541,26.1280,17.6459,0.0428,0.5319,0.0482,4467.0000,4927.0000,False
1331.3333,24.0237,18.1932,0.0196,646.5229,15.7173,17.6720,0.0264,0.5211,0.0329,4871.0000,4896.0000,False
1313.4321,15.7758,18.2079,0.0130,613.6171,4.4956,17.7288,0.0080,0.4791,0.0153,4576.0000,4795.0000,False
1295.2027,15.5862,18.2231,0.0131,675.9009,7.4286,17.6238,0.0119,0.5993,0.0177,2748.0000,5201.0000,False
1294.6748,21.6618,18.2235,0.0182,596.5638,16.7672,17.7594,0.0305,0.4641,0.0355,4987.0000,4045.0000,False
1290.4753,15.5483,18.2270,0.0131,654.7496,4.7931,17.6583,0.0079,0.5687,0.0153,1813.0000,5249.0000,False
1275.2443,16.1328,18.2399,0.0137,653.3057,10.7489,17.6607,0.0179,0.5792,0.0225,5022.0000,2998.0000,False
1250.3685,15.0912,18.2613,0.0131,654.5719,6.3680,17.6586,0.0106,0.6027,0.0168,1854.0000,4906.0000,False
1248.8449,15.2455,18.2626,0.0133,650.4679,6.9617,17.6654,0.0116,0.5972,0.0176,4873.0000,3159.0000,False
1247.4302,15.0567,18.2639,0.0131,660.2468,8.2719,17.6492,0.0136,0.6146,0.0189,4386.0000,4966.0000,False
1243.4848,14.9705,18.2673,0.0131,628.1770,4.6543,17.7033,0.0080,0.5640,0.0153,4952.0000,4830.0000,False
1235.0259,14.8706,18.2747,0.0131,632.7487,8.4192,17.6954,0.0144,0.5793,0.0195,5233.0000,3970.0000,False
1234.2701,14.8891,18.2754,0.0131,656.6287,8.9462,17.6552,0.0148,0.6202,0.0198,4922.0000,5055.0000,False
1227.1569,14.7896,18.2816,0.0131,618.8753,9.3215,17.7195,0.0164,0.5622,0.0209,4553.0000,4757.0000,False
1226.8608,14.7890,18.2819,0.0131,613.1731,4.8080,17.7295,0.0085,0.5524,0.0156,4027.0000,4703.0000,False
1219.8222,14.6749,18.2882,0.0131,583.8654,4.4473,17.7827,0.0083,0.5054,0.0155,2135.0000,5105.0000,False
1216.2782,14.6405,18.2913,0.0131,588.7804,4.3267,17.7736,0.0080,0.5177,0.0153,2388.0000,5123.0000,False
1215.2184,14.6490,18.2923,0.0131,592.2601,4.4267,17.7672,0.0081,0.5250,0.0154,5327.0000,4278.0000,False
1183.3752,14.2293,18.3211,0.0131,652.9157,4.7033,17.6614,0.0078,0.6597,0.0152,3005.0000,5202.0000,False
1181.6351,26.2197,18.3227,0.0241,671.0637,18.6007,17.6316,0.0301,0.6911,0.0386,3168.0000,4312.0000,False
1178.8175,14.1711,18.3253,0.0131,636.9032,4.8634,17.6883,0.0083,0.6370,0.0155,2005.0000,5144.0000,False
1170.8304,14.0509,18.3327,0.0130,575.0674,4.1806,17.7992,0.0079,0.5335,0.0152,3373.0000,5012.0000,False
1160.0769,17.1474,18.3427,0.0160,646.3597,8.6836,17.6723,0.0146,0.6704,0.0217,4771.0000,2460.0000,False
1159.8670,31.4016,18.3429,0.0294,672.8678,11.8713,17.6287,0.0192,0.7142,0.0351,2113.0000,4208.0000,False
1156.1400,13.9228,18.3464,0.0131,598.8237,4.3842,17.7553,0.0079,0.5911,0.0153,3383.0000,4743.0000,False
1146.2559,13.8059,18.3557,0.0131,560.7270,4.1157,17.8266,0.0080,0.5291,0.0153,4875.0000,2105.0000,False
1145.7732,13.7446,18.3562,0.0130,588.6136,4.2657,17.7739,0.0079,0.5822,0.0152,4765.0000,5508.0000,False
1142.0813,13.8295,18.3597,0.0131,580.6406,4.2797,17.7887,0.0080,0.5709,0.0154,4849.0000,1666.0000,False
1127.2250,13.6112,18.3739,0.0131,611.2802,4.7526,17.7329,0.0084,0.6410,0.0156,5164.0000,2268.0000,False
1124.0117,13.5176,18.3770,0.0131,524.9750,3.9093,17.8982,0.0081,0.4788,0.0154,5004.0000,2888.0000,False
1111.9152,13.3729,18.3887,0.0131,579.8267,4.2736,17.7903,0.0080,0.5985,0.0153,4185.0000,4864.0000,False
1109.7906,13.3499,18.3908,0.0131,588.7712,4.3143,17.7736,0.0080,0.6172,0.0153,2349.0000,5046.0000,False
1106.8865,13.3399,18.3936,0.0131,578.9320,4.2400,17.7919,0.0080,0.6017,0.0153,5280.0000,2833.0000,False
1098.8363,13.2084,18.4016,0.0131,579.2705,4.2300,17.7913,0.0079,0.6103,0.0153,5339.0000,4335.0000,False
1089.5100,13.0882,18.4108,0.0130,563.9659,4.1333,17.8204,0.0080,0.5905,0.0153,4688.0000,2976.0000,False
1088.6004,13.0766,18.4117,0.0130,554.0474,3.9895,17.8396,0.0078,0.5721,0.0152,5358.0000,3483.0000,False
1084.9156,13.0378,18.4154,0.0130,578.8358,4.2698,17.7921,0.0080,0.6233,0.0153,4919.0000,4099.0000,False
1080.8581,12.9734,18.4195,0.0130,533.6716,3.9118,17.8803,0.0080,0.5392,0.0153,5047.0000,4945.0000,False
1077.7620,13.0583,18.4226,0.0132,561.9368,4.1565,17.8243,0.0080,0.5983,0.0154,5301.0000,4081.0000,False
1072.9929,12.8752,18.4274,0.0130,554.6117,4.0507,17.8385,0.0079,0.5889,0.0153,2716.0000,5112.0000,False
1072.5029,12.8993,18.4279,0.0131,555.8247,4.0479,17.8362,0.0079,0.5917,0.0153,5259.0000,2748.0000,False
1071.9792,13.3614,18.4284,0.0135,663.8371,6.6287,17.6433,0.0108,0.7851,0.0173,3011.0000,3495.0000,False
1069.9543,12.9556,18.4305,0.0131,552.9687,4.0964,17.8417,0.0080,0.5887,0.0154,5148.0000,3102.0000,False
1064.7393,12.7843,18.4358,0.0130,539.4173,3.9236,17.8687,0.0079,0.5671,0.0152,4579.0000,5069.0000,False
1055.3463,12.6885,18.4454,0.0131,565.3487,4.1608,17.8177,0.0080,0.6277,0.0153,4398.0000,1855.0000,False
1053.9846,12.6527,18.4468,0.0130,563.2669,4.0884,17.8217,0.0079,0.6251,0.0152,3374.0000,5148.0000,False
1052.3787,15.3796,18.4485,0.0159,685.9902,10.7641,17.6077,0.0170,0.8408,0.0233,3222.0000,3055.0000,False
1051.4590,137.8731,18.4494,0.1424,615.2288,80.4357,17.7259,0.1420,0.7235,0.2010,4307.0000,2109.0000,False
1046.5746,12.5678,18.4545,0.0130,530.5383,3.8940,17.8867,0.0080,0.5678,0.0153,4352.0000,3930.0000,False
1045.8898,16.7663,18.4552,0.0174,678.9079,5.3288,17.6190,0.0085,0.8362,0.0194,352.0000,3991.0000,False
1044.3697,12.5712,18.4568,0.0131,551.9586,4.1024,17.8437,0.0081,0.6130,0.0154,4251.0000,2819.0000,False
1043.3106,12.5424,18.4579,0.0131,564.0012,4.0398,17.8203,0.0078,0.6376,0.0152,2331.0000,5238.0000,False
1039.1207,12.9216,18.4622,0.0135,677.9754,11.1714,17.6205,0.0179,0.8418,0.0224,4087.0000,3006.0000,False
1037.9500,12.9239,18.4635,0.0135,622.4799,4.6783,17.7132,0.0082,0.7503,0.0158,3727.0000,4279.0000,False
1034.2727,12.4734,18.4673,0.0131,598.4852,4.3564,17.7559,0.0079,0.7114,0.0153,2862.0000,4179.0000,False
1033.6523,12.4012,18.4680,0.0130,560.7885,4.0022,17.8265,0.0077,0.6415,0.0152,4212.0000,1683.0000,False
1029.1842,12.4665,18.4727,0.0132,660.4318,4.8455,17.6489,0.0080,0.8237,0.0154,2450.0000,2107.0000,False
1028.2372,12.3275,18.4737,0.0130,530.2244,3.8275,17.8874,0.0078,0.5863,0.0152,4992.0000,3503.0000,False
1026.7951,12.3210,18.4752,0.0130,528.0688,3.8686,17.8918,0.0080,0.5834,0.0153,4157.0000,4379.0000,False
1026.5986,57.3089,18.4754,0.0606,719.4631,32.5656,17.5560,0.0491,0.9194,0.0780,909.0000,1851.0000,False
1026.4935,12.3721,18.4755,0.0131,525.6909,3.8457,17.8967,0.0079,0.5788,0.0153,5021.0000,3681.0000,False
1021.0598,12.4714,18.4813,0.0133,639.1759,4.8769,17.6844,0.0083,0.7968,0.0156,2271.0000,3451.0000,False
1019.4766,12.4755,18.4830,0.0133,528.2412,3.8952,17.8914,0.0080,0.5915,0.0155,4640.0000,2617.0000,False
1017.5196,12.3120,18.4850,0.0131,642.0735,4.6513,17.6795,0.0079,0.8055,0.0153,2177.0000,1873.0000,False
1013.0393,12.1845,18.4898,0.0131,523.6904,4.0732,17.9008,0.0084,0.5890,0.0156,4522.0000,1915.0000,False
1012.3321,12.1765,18.4906,0.0131,550.6633,3.9927,17.8463,0.0079,0.6443,0.0152,4262.0000,1595.0000,False
1011.1522,12.3456,18.4919,0.0133,611.0549,4.7671,17.7333,0.0085,0.7586,0.0157,3407.0000,3403.0000,False
1008.4418,12.1032,18.4948,0.0130,531.8869,3.9929,17.8840,0.0082,0.6108,0.0154,1490.0000,4903.0000,False
1006.6848,12.4801,18.4967,0.0135,620.3726,4.8270,17.7169,0.0084,0.7798,0.0159,363.0000,252.0000,False
1002.3641,12.0979,18.5013,0.0131,603.5598,4.4189,17.7467,0.0079,0.7546,0.0153,1443.0000,3884.0000,False
1002.3485,48.2987,18.5014,0.0523,665.6215,24.1229,17.6404,0.0393,0.8609,0.0655,3602.0000,3305.0000,False
1000.7582,12.0717,18.5031,0.0131,577.4475,4.4006,17.7947,0.0083,0.7084,0.0155,2413.0000,2087.0000,False
1000.6817,72.0886,18.5032,0.0782,703.8254,47.6713,17.5798,0.0735,0.9233,0.1074,3158.0000,1945.0000,False
1000.2469,12.0908,18.5036,0.0131,525.2739,3.8084,17.8975,0.0079,0.6061,0.0153,4400.0000,5258.0000,False
992.1147,11.9348,18.5125,0.0131,543.9678,3.9241,17.8596,0.0078,0.6529,0.0152,5178.0000,3995.0000,False
988.2291,43.2396,18.5168,0.0475,688.9025,28.7690,17.6031,0.0453,0.9137,0.0657,2955.0000,2378.0000,False
987.1346,12.5964,18.5180,0.0139,651.2918,5.4083,17.6641,0.0090,0.8539,0.0165,372.0000,4025.0000,False
986.1278,19.7739,18.5191,0.0218,681.1656,14.9529,17.6154,0.0238,0.9037,0.0323,3665.0000,2742.0000,False
986.1256,126.8718,18.5191,0.1397,466.2553,60.1197,18.0269,0.1400,0.4921,0.1978,2530.0000,5117.0000,False
983.1650,12.2714,18.5223,0.0136,638.6576,4.6894,17.6853,0.0080,0.8370,0.0157,1683.0000,2822.0000,False
981.7228,41.5141,18.5239,0.0459,678.0895,37.2044,17.6203,0.0596,0.9036,0.0752,1645.0000,2823.0000,False
978.0384,17.5537,18.5280,0.0195,738.3267,12.7770,17.5279,0.0188,1.0001,0.0271,3568.0000,805.0000,False
966.7320,11.6811,18.5406,0.0131,608.2259,4.3954,17.7383,0.0078,0.8023,0.0153,3857.0000,2117.0000,False
965.4981,113.3825,18.5420,0.1275,653.6566,84.2993,17.6601,0.1400,0.8819,0.1894,3698.0000,5175.0000,False
965.0439,11.5856,18.5425,0.0130,510.9954,3.6531,17.9275,0.0078,0.6151,0.0152,4699.0000,4327.0000,False
964.0563,16.3394,18.5436,0.0184,628.7326,5.7891,17.7023,0.0100,0.8413,0.0209,1879.0000,730.0000,False
960.5036,11.5833,18.5477,0.0131,544.3290,3.9752,17.8588,0.0079,0.6888,0.0153,1983.0000,1701.0000,False
959.2691,11.6248,18.5490,0.0132,573.5776,4.2148,17.8020,0.0080,0.7470,0.0154,3594.0000,2686.0000,False
958.7707,25.5596,18.5496,0.0289,717.1974,9.1757,17.5594,0.0139,0.9902,0.0321,1328.0000,1906.0000,False
956.5105,11.5397,18.5522,0.0131,553.4938,4.0052,17.8407,0.0079,0.7115,0.0153,2999.0000,3601.0000,False
955.6517,80.4705,18.5532,0.0914,628.6976,48.8623,17.7024,0.0844,0.8508,0.1244,2106.0000,3458.0000,False
953.7841,127.3879,18.5553,0.1450,642.5429,75.5236,17.6787,0.1276,0.8765,0.1932,2529.0000,5082.0000,False
953.7167,120.3987,18.5554,0.1371,680.9086,85.9951,17.6158,0.1371,0.9396,0.1939,3698.0000,5096.0000,False
950.3096,120.6987,18.5592,0.1379,600.9211,79.0493,17.7515,0.1428,0.8078,0.1985,3698.0000,5084.0000,False
946.6732,11.3858,18.5634,0.0131,487.9349,3.5770,17.9776,0.0080,0.5858,0.0153,4808.0000,3029.0000,False
946.3950,19.4820,18.5637,0.0224,605.2507,5.0811,17.7437,0.0091,0.8201,0.0241,558.0000,3223.0000,False
945.1017,22.2838,18.5652,0.0256,530.6924,17.3780,17.8864,0.0356,0.6788,0.0438,3447.0000,3527.0000,False
944.8356,58.6838,18.5655,0.0674,639.7627,50.0622,17.6835,0.0850,0.8821,0.1085,1943.0000,3369.0000,False
943.7453,29.1615,18.5668,0.0335,630.3778,18.0055,17.6995,0.0310,0.8673,0.0457,705.0000,3348.0000,False
941.7314,19.0047,18.5691,0.0219,684.8892,23.7662,17.6094,0.0377,0.9596,0.0436,1921.0000,3073.0000,False
941.6305,11.3107,18.5692,0.0130,500.8733,3.6495,17.9492,0.0079,0.6200,0.0153,2143.0000,5280.0000,False
941.3276,11.3645,18.5695,0.0131,556.6255,4.0440,17.8346,0.0079,0.7350,0.0153,3731.0000,3838.0000,False
939.8910,41.3713,18.5712,0.0478,662.7437,28.9098,17.6451,0.0474,0.9261,0.0673,650.0000,3107.0000,False
939.8059,11.4206,18.5713,0.0132,621.3838,4.5855,17.7151,0.0080,0.8562,0.0154,3081.0000,2940.0000,False
937.4178,11.7013,18.5741,0.0136,589.7705,4.2339,17.7718,0.0078,0.8023,0.0156,1380.0000,891.0000,False
937.2763,11.3600,18.5742,0.0132,644.1201,5.0135,17.6761,0.0085,0.8981,0.0156,1948.0000,2089.0000,False
931.2523,11.8611,18.5812,0.0138,652.9838,4.7389,17.6612,0.0079,0.9200,0.0159,2309.0000,950.0000,False
930.8742,11.1807,18.5817,0.0130,510.5110,3.6780,17.9285,0.0078,0.6532,0.0152,4701.0000,5168.0000,False
928.6044,11.1432,18.5843,0.0130,492.2779,3.5536,17.9680,0.0078,0.6163,0.0152,2201.0000,4781.0000,False
927.1680,23.1848,18.5860,0.0271,534.0755,13.9258,17.8795,0.0283,0.7065,0.0392,3248.0000,3611.0000,False
925.4690,12.3869,18.5880,0.0145,598.6704,4.9446,17.7555,0.0090,0.8325,0.0171,4057.0000,3603.0000,False
924.3389,15.8174,18.5893,0.0186,668.0196,4.9497,17.6365,0.0080,0.9528,0.0202,2499.0000,1191.0000,False
920.8869,11.3213,18.5934,0.0133,657.1240,4.9252,17.6544,0.0081,0.9390,0.0156,3967.0000,2031.0000,False
919.9339,11.1755,18.5945,0.0132,547.8715,4.0215,17.8518,0.0080,0.7427,0.0154,3841.0000,3237.0000,False
917.0691,102.2143,18.5979,0.1210,572.5431,71.2608,17.8040,0.1351,0.7939,0.1814,2526.0000,4543.0000,False
916.8757,11.0273,18.5981,0.0131,506.3310,4.9018,17.9374,0.0105,0.6607,0.0168,4518.0000,3734.0000,False
916.0925,11.3116,18.5991,0.0134,530.7837,4.2774,17.8862,0.0087,0.7128,0.0160,2566.0000,4819.0000,False
915.8342,11.1480,18.5994,0.0132,630.9875,4.5772,17.6984,0.0079,0.9009,0.0154,1893.0000,799.0000,False
914.3799,11.0228,18.6011,0.0131,526.9753,3.8931,17.8940,0.0080,0.7071,0.0154,2544.0000,3930.0000,False
913.5352,11.2612,18.6021,0.0134,640.8464,4.6986,17.6816,0.0080,0.9205,0.0156,3510.0000,312.0000,False
913.3557,11.2531,18.6023,0.0134,577.9752,4.4158,17.7937,0.0083,0.8086,0.0157,619.0000,1743.0000,False
911.2906,10.9767,18.6048,0.0131,556.9438,4.0204,17.8340,0.0078,0.7708,0.0152,2912.0000,3290.0000,False
910.6162,11.1194,18.6056,0.0133,645.9140,4.6382,17.6731,0.0078,0.9325,0.0154,3656.0000,1344.0000,False
908.5954,11.1677,18.6080,0.0133,592.6761,5.0887,17.7665,0.0093,0.8415,0.0163,288.0000,1711.0000,False
907.5086,18.1546,18.6093,0.0217,640.6060,4.7105,17.6820,0.0080,0.9273,0.0231,1350.0000,1949.0000,False
906.7318,10.9233,18.6102,0.0131,515.2553,3.7224,17.9184,0.0078,0.6918,0.0153,3106.0000,4172.0000,False
904.2979,11.0980,18.6131,0.0133,621.4892,4.8944,17.7149,0.0086,0.8982,0.0158,2587.0000,3416.0000,False
904.0174,119.5354,18.6135,0.1436,519.5653,70.8918,17.9094,0.1481,0.7041,0.2063,2527.0000,4628.0000,False
903.1990,11.1560,18.6144,0.0134,612.6980,5.4715,17.7304,0.0097,0.8841,0.0165,1904.0000,2517.0000,False
903.0479,10.8423,18.6146,0.0130,477.9558,3.4831,18.0000,0.0079,0.6146,0.0152,5173.0000,3109.0000,False
901.9203,121.7507,18.6160,0.1466,551.7977,70.2227,17.8441,0.1382,0.7719,0.2014,2526.0000,4564.0000,False
899.9811,10.8721,18.6183,0.0131,549.6369,3.9517,17.8483,0.0078,0.7700,0.0153,2380.0000,1354.0000,False
899.1429,10.7773,18.6193,0.0130,489.7481,3.5164,17.9736,0.0078,0.6458,0.0152,2091.0000,4731.0000,False
898.3776,117.9938,18.6203,0.1426,561.7623,71.1708,17.8246,0.1376,0.7956,0.1981,2526.0000,4551.0000,False
898.3151,11.2340,18.6203,0.0136,597.5668,4.5782,17.7575,0.0083,0.8628,0.0159,711.0000,1886.0000,False
896.1531,10.8424,18.6229,0.0131,543.1694,3.9572,17.8612,0.0079,0.7618,0.0153,1755.0000,384.0000,False
894.4320,10.7503,18.6250,0.0130,523.0111,3.7645,17.9022,0.0078,0.7228,0.0152,5304.0000,3888.0000,False
889.9643,10.7920,18.6305,0.0132,619.4017,4.4101,17.7186,0.0077,0.9119,0.0153,3055.0000,982.0000,False
888.2040,11.1047,18.6326,0.0136,614.8713,4.5263,17.7265,0.0080,0.9061,0.0158,3945.0000,415.0000,False
887.4964,10.6756,18.6335,0.0131,463.6588,3.3310,18.0330,0.0078,0.6005,0.0152,4990.0000,4682.0000,False
887.0821,10.9304,18.6340,0.0134,596.8060,4.4561,17.7589,0.0081,0.8751,0.0156,1225.0000,2620.0000,False
886.3816,10.8550,18.6348,0.0133,622.7927,5.0174,17.7126,0.0087,0.9222,0.0159,1906.0000,2665.0000,False
884.9098,119.6707,18.6367,0.1468,573.9568,73.8788,17.8013,0.1398,0.8354,0.2027,3342.0000,2177.0000,False
877.6218,10.7235,18.6456,0.0133,564.7450,4.1423,17.8189,0.0080,0.8268,0.0155,980.0000,2306.0000,False
875.6836,10.6757,18.6480,0.0132,609.1742,4.4994,17.7366,0.0080,0.9114,0.0155,2142.0000,931.0000,False
874.9746,10.6692,18.6489,0.0132,468.1034,3.4391,18.0226,0.0080,0.6263,0.0155,3381.0000,4912.0000,False
873.7245,10.6794,18.6505,0.0133,577.3627,4.1702,17.7949,0.0078,0.8556,0.0154,163.0000,2233.0000,False
873.1840,10.5033,18.6511,0.0131,468.2844,3.3888,18.0222,0.0079,0.6289,0.0152,4381.0000,4392.0000,False
871.5546,10.4825,18.6532,0.0131,482.4757,3.5152,17.9898,0.0079,0.6634,0.0153,3435.0000,3511.0000,False
871.0764,10.5928,18.6538,0.0132,549.8462,4.0207,17.8479,0.0079,0.8059,0.0154,2559.0000,265.0000,False
869.9480,10.5050,18.6552,0.0131,534.9423,3.8619,17.8777,0.0078,0.7774,0.0153,3266.0000,1504.0000,False
868.7120,13.0063,18.6567,0.0163,599.3009,4.5117,17.7544,0.0082,0.9023,0.0182,2442.0000,1131.0000,False
868.4505,10.6020,18.6570,0.0133,590.8986,4.5364,17.7697,0.0083,0.8873,0.0157,1530.0000,2310.0000,False
867.0084,10.4034,18.6588,0.0130,451.9958,3.2611,18.0607,0.0078,0.5982,0.0152,3090.0000,4466.0000,False
864.4456,10.8155,18.6621,0.0136,602.5358,4.7510,17.7485,0.0086,0.9135,0.0161,266.0000,3201.0000,False
863.4337,10.3452,18.6633,0.0130,492.2714,3.5157,17.9680,0.0078,0.6953,0.0151,3962.0000,4451.0000,False
860.7457,109.2798,18.6667,0.1378,659.2391,69.8376,17.6509,0.1150,1.0158,0.1795,2736.0000,2260.0000,False
857.0002,10.4818,18.6714,0.0133,567.1035,4.1343,17.8143,0.0079,0.8571,0.0155,538.0000,1619.0000,False
852.7642,10.2338,18.6768,0.0130,465.0671,3.3794,18.0297,0.0079,0.6471,0.0152,2938.0000,4361.0000,False
852.2304,10.2405,18.6775,0.0130,480.9256,3.4492,17.9933,0.0078,0.6842,0.0152,4362.0000,2753.0000,False
850.9510,10.3031,18.6791,0.0131,503.7547,3.6430,17.9430,0.0079,0.7362,0.0153,2835.0000,654.0000,False
847.4900,10.4200,18.6836,0.0133,584.9174,4.4751,17.7808,0.0083,0.9028,0.0157,2241.0000,2518.0000,False
844.9656,10.2304,18.6868,0.0131,496.7741,3.6542,17.9581,0.0080,0.7287,0.0154,3771.0000,4269.0000,False
844.4515,10.2503,18.6875,0.0132,539.1183,3.8682,17.8693,0.0078,0.8182,0.0153,3402.0000,627.0000,False
844.1643,10.1448,18.6878,0.0130,469.2918,3.4353,18.0199,0.0079,0.6679,0.0153,5097.0000,4641.0000,False
840.0890,10.1209,18.6931,0.0131,487.2786,3.5177,17.9791,0.0078,0.7140,0.0152,3514.0000,4151.0000,False
835.1627,10.1168,18.6995,0.0132,537.5098,3.8756,17.8725,0.0078,0.8269,0.0153,1785.0000,647.0000,False
834.4417,10.0357,18.7004,0.0131,465.8305,3.3402,18.0279,0.0078,0.6725,0.0152,5235.0000,4239.0000,False
832.2721,93.4781,18.7032,0.1219,605.2635,65.7988,17.7436,0.1180,0.9596,0.1697,2107.0000,2729.0000,False
830.3755,10.1302,18.7057,0.0132,551.0587,3.9877,17.8455,0.0079,0.8602,0.0154,3981.0000,1456.0000,False
828.2474,9.9642,18.7085,0.0131,504.7230,3.6636,17.9409,0.0079,0.7676,0.0153,2159.0000,2941.0000,False
825.2401,9.9478,18.7124,0.0131,484.6393,3.5022,17.9850,0.0078,0.7275,0.0153,2592.0000,3519.0000,False
822.5010,9.8778,18.7161,0.0130,465.1809,3.3371,18.0294,0.0078,0.6866,0.0152,4121.0000,4057.0000,False
821.9696,9.8545,18.7168,0.0130,429.9754,3.1027,18.1149,0.0078,0.6019,0.0152,4031.0000,4961.0000,False
818.8614,9.8260,18.7209,0.0130,478.6680,3.4521,17.9984,0.0078,0.7225,0.0152,3361.0000,4910.0000,False
817.5963,9.9838,18.7226,0.0133,602.7000,4.5804,17.7482,0.0083,0.9743,0.0156,928.0000,2277.0000,False
817.4590,9.9743,18.7227,0.0132,557.9087,4.0740,17.8321,0.0079,0.8906,0.0154,3393.0000,2722.0000,False
814.6013,47.2453,18.7265,0.0630,588.8517,28.2159,17.7735,0.0520,0.9531,0.0817,1182.0000,3011.0000,False
812.7194,85.1568,18.7290,0.1138,590.2616,66.0277,17.7709,0.1215,0.9582,0.1664,2619.0000,2675.0000,False
811.3813,9.7503,18.7308,0.0130,461.6656,3.3556,18.0377,0.0079,0.6932,0.0152,4454.0000,3407.0000,False
810.3670,9.7345,18.7322,0.0130,454.4221,3.2547,18.0549,0.0078,0.6773,0.0152,4360.0000,1638.0000,False
809.9926,9.7314,18.7327,0.0130,456.3993,3.2694,18.0501,0.0078,0.6826,0.0152,1967.0000,1539.0000,False
809.0073,9.7629,18.7340,0.0131,467.0410,3.4340,18.0251,0.0080,0.7089,0.0153,3932.0000,3666.0000,False
808.5621,9.8271,18.7346,0.0132,488.1663,3.5627,17.9771,0.0079,0.7575,0.0154,3906.0000,845.0000,False
808.2695,9.9709,18.7350,0.0134,518.2325,3.7520,17.9122,0.0079,0.8228,0.0155,1525.0000,3431.0000,False
803.2507,9.6339,18.7418,0.0130,399.7996,2.8724,18.1939,0.0078,0.5479,0.0152,1925.0000,4399.0000,False
793.9716,9.6017,18.7544,0.0131,529.0802,3.7714,17.8897,0.0077,0.8647,0.0152,1651.0000,802.0000,False
789.5471,9.5126,18.7605,0.0131,441.2457,3.2061,18.0868,0.0079,0.6737,0.0153,1864.0000,4973.0000,False
787.9077,9.4829,18.7627,0.0131,452.9188,3.2474,18.0584,0.0078,0.7043,0.0152,4883.0000,5198.0000,False
787.1870,9.5619,18.7637,0.0132,579.3357,4.1810,17.7912,0.0078,0.9725,0.0153,2314.0000,2505.0000,False
786.5578,9.5139,18.7646,0.0131,473.8674,3.4647,18.0094,0.0079,0.7552,0.0153,1272.0000,1153.0000,False
786.1914,9.5246,18.7651,0.0132,553.2377,3.9586,17.8412,0.0078,0.9239,0.0153,2752.0000,426.0000,False
781.5131,9.4894,18.7716,0.0132,572.8558,4.1271,17.8034,0.0078,0.9682,0.0153,2222.0000,2491.0000,False
772.2853,9.3681,18.7845,0.0132,509.3985,3.7339,17.9309,0.0080,0.8536,0.0154,321.0000,2210.0000,False
770.0940,9.2696,18.7875,0.0131,431.7739,3.1444,18.1104,0.0079,0.6772,0.0153,2924.0000,4788.0000,False
767.5044,9.2091,18.7912,0.0130,448.8356,3.2260,18.0683,0.0078,0.7229,0.0152,4630.0000,5343.0000,False
765.5711,9.1971,18.7939,0.0130,445.2518,3.1824,18.0770,0.0078,0.7170,0.0152,2137.0000,1931.0000,False
761.9457,9.1562,18.7991,0.0130,427.3294,3.1945,18.1216,0.0081,0.6775,0.0154,3471.0000,4544.0000,False
761.5312,9.1459,18.7997,0.0130,527.0660,3.8039,17.8938,0.0078,0.9058,0.0152,1413.0000,2843.0000,False
759.6089,9.1140,18.8024,0.0130,419.8725,3.0007,18.1407,0.0078,0.6617,0.0152,2357.0000,5160.0000,False
757.4994,9.1091,18.8054,0.0131,469.9651,3.3853,18.0183,0.0078,0.7871,0.0152,2190.0000,5141.0000,False
754.6356,9.0572,18.8096,0.0130,435.5498,3.1345,18.1009,0.0078,0.7087,0.0152,3184.0000,5469.0000,False
749.3900,9.0083,18.8171,0.0131,422.2051,3.0473,18.1347,0.0078,0.6824,0.0152,1477.0000,2392.0000,False
748.9065,9.1763,18.8178,0.0133,513.0546,3.7447,17.9231,0.0079,0.8947,0.0155,705.0000,2981.0000,False
748.8293,9.0622,18.8179,0.0131,475.6833,3.4505,18.0052,0.0079,0.8127,0.0153,4021.0000,4168.0000,False
748.4657,9.0316,18.8185,0.0131,471.4891,3.3905,18.0148,0.0078,0.8036,0.0153,2025.0000,3815.0000,False
747.9150,9.0345,18.8193,0.0131,493.9547,3.6267,17.9643,0.0080,0.8550,0.0153,1838.0000,814.0000,False
744.9139,9.0041,18.8236,0.0131,449.9032,3.2426,18.0657,0.0078,0.7579,0.0153,2299.0000,333.0000,False
743.0026,8.9272,18.8264,0.0130,410.2470,2.9460,18.1659,0.0078,0.6605,0.0152,1840.0000,1914.0000,False
741.5945,8.9157,18.8285,0.0131,456.9469,3.2802,18.0488,0.0078,0.7796,0.0152,2558.0000,3219.0000,False
731.4021,98.2901,18.8435,0.1459,222.1819,1.5852,18.8317,0.0077,0.0118,0.1461,1798.0000,2361.0000,False
731.2466,8.8110,18.8437,0.0131,389.3687,2.8597,18.2226,0.0080,0.6211,0.0153,1845.0000,5159.0000,False
728.7882,8.7537,18.8474,0.0130,437.0801,3.1405,18.0971,0.0078,0.7503,0.0152,4908.0000,4471.0000,False
727.7753,8.7426,18.8489,0.0130,390.2511,2.8492,18.2201,0.0079,0.6288,0.0153,3381.0000,4885.0000,False
723.9011,9.3050,18.8547,0.0140,414.0500,3.7760,18.1559,0.0099,0.6988,0.0171,4276.0000,2222.0000,False
723.4731,8.7315,18.8553,0.0131,419.4379,3.0609,18.1418,0.0079,0.7135,0.0153,1034.0000,3854.0000,False
720.4131,8.6893,18.8599,0.0131,423.6939,3.0405,18.1309,0.0078,0.7291,0.0152,1832.0000,1235.0000,False
719.7446,8.6649,18.8610,0.0131,418.0295,3.0266,18.1455,0.0079,0.7155,0.0153,3302.0000,2659.0000,False
719.6788,8.6418,18.8611,0.0130,419.2789,2.9934,18.1422,0.0078,0.7188,0.0152,4247.0000,4963.0000,False
719.0595,8.6373,18.8620,0.0130,205.7837,1.5068,18.9150,0.0080,-0.0530,0.0153,2252.0000,3095.0000,False
717.7035,8.6158,18.8640,0.0130,414.7651,3.0297,18.1540,0.0079,0.7100,0.0153,3297.0000,5253.0000,False
714.6461,8.5745,18.8687,0.0130,405.9904,2.8970,18.1772,0.0077,0.6915,0.0152,4638.0000,5016.0000,False
707.7500,8.5470,18.8792,0.0131,446.0694,3.2053,18.0750,0.0078,0.8042,0.0153,1689.0000,265.0000,False
703.1487,8.4646,18.8863,0.0131,366.7813,2.7191,18.2875,0.0080,0.5988,0.0153,4983.0000,2650.0000,False
700.5423,8.4607,18.8903,0.0131,466.3490,3.4262,18.0267,0.0080,0.8636,0.0153,1091.0000,2934.0000,False
697.3739,8.3882,18.8952,0.0131,415.8661,3.1599,18.1511,0.0082,0.7441,0.0154,3520.0000,3469.0000,False
696.1816,9.9695,18.8971,0.0155,404.0490,5.1563,18.1824,0.0139,0.7147,0.0208,2709.0000,2843.0000,False
695.8984,56.3183,18.8975,0.0879,461.1551,36.9021,18.0389,0.0869,0.8587,0.1236,1187.0000,3002.0000,False
691.6147,8.3295,18.9042,0.0131,319.1602,2.3257,18.4385,0.0079,0.4658,0.0153,1248.0000,2753.0000,False
690.7935,8.3401,18.9055,0.0131,401.5188,2.9357,18.1892,0.0079,0.7163,0.0153,1488.0000,2994.0000,False
690.4750,8.3421,18.9060,0.0131,397.0921,2.8910,18.2013,0.0079,0.7048,0.0153,4776.0000,3310.0000,False
688.2695,8.2960,18.9095,0.0131,434.7962,3.1148,18.1028,0.0078,0.8067,0.0152,2296.0000,3291.0000,False
688.0004,8.3202,18.9099,0.0131,422.0925,3.0516,18.1350,0.0078,0.7749,0.0153,3921.0000,3581.0000,False
685.8832,8.4232,18.9133,0.0133,375.2760,2.7735,18.2626,0.0080,0.6507,0.0156,317.0000,3615.0000,False
684.3660,8.2352,18.9157,0.0131,429.4072,3.0992,18.1163,0.0078,0.7994,0.0152,1700.0000,2853.0000,False
684.0132,8.2380,18.9162,0.0131,470.3932,3.3436,18.0173,0.0077,0.8989,0.0152,4105.0000,2395.0000,False
683.4613,8.2193,18.9171,0.0131,405.2740,2.9144,18.1791,0.0078,0.7380,0.0152,2575.0000,4215.0000,False
683.2811,8.2141,18.9174,0.0131,418.6731,2.9936,18.1438,0.0078,0.7736,0.0152,3460.0000,4165.0000,False
682.6464,8.2251,18.9184,0.0131,407.1415,2.9697,18.1741,0.0079,0.7443,0.0153,1456.0000,1002.0000,False
680.8595,8.1750,18.9213,0.0130,393.5572,2.8325,18.2110,0.0078,0.7103,0.0152,4643.0000,4749.0000,False
675.7249,8.1573,18.9295,0.0131,388.2039,5.6312,18.2259,0.0157,0.7036,0.0205,1020.0000,1288.0000,False
671.8853,8.1927,18.9357,0.0132,396.4410,2.8459,18.2031,0.0078,0.7326,0.0154,4382.0000,2718.0000,False
670.4501,8.3612,18.9380,0.0135,410.9827,3.2211,18.1639,0.0085,0.7740,0.0160,3442.0000,3762.0000,False
669.9790,8.0688,18.9387,0.0131,399.1754,2.9202,18.1956,0.0079,0.7432,0.0153,1850.0000,1607.0000,False
666.8915,8.0170,18.9438,0.0131,416.8904,2.9926,18.1484,0.0078,0.7953,0.0152,1637.0000,4399.0000,False
664.9426,8.0054,18.9469,0.0131,380.0234,2.7266,18.2490,0.0078,0.6980,0.0152,4211.0000,1616.0000,False
661.6291,7.9619,18.9524,0.0131,304.3005,2.2417,18.4902,0.0080,0.4621,0.0153,256.0000,1549.0000,False
660.9075,7.9957,18.9535,0.0131,383.0473,2.7676,18.2404,0.0078,0.7132,0.0153,3525.0000,686.0000,False
659.2649,8.0107,18.9563,0.0132,413.6468,2.9981,18.1569,0.0079,0.7993,0.0154,834.0000,2278.0000,False
655.4958,7.9091,18.9625,0.0131,420.5334,3.0198,18.1390,0.0078,0.8235,0.0152,2468.0000,2065.0000,False
654.9833,7.9110,18.9633,0.0131,393.5880,2.8206,18.2109,0.0078,0.7524,0.0152,2876.0000,531.0000,False
653.6047,7.8862,18.9656,0.0131,418.3404,3.0029,18.1447,0.0078,0.8209,0.0152,4009.0000,1898.0000,False
652.1457,7.8474,18.9680,0.0131,394.9691,2.8367,18.2071,0.0078,0.7609,0.0152,4190.0000,3697.0000,False
651.2357,7.8468,18.9696,0.0131,379.8360,2.7475,18.2495,0.0079,0.7200,0.0153,4019.0000,3355.0000,False
648.7351,7.8007,18.9737,0.0131,404.2440,2.8915,18.1819,0.0078,0.7918,0.0152,2129.0000,2259.0000,False
646.4365,7.7747,18.9776,0.0131,373.2269,2.7049,18.2686,0.0079,0.7090,0.0152,3828.0000,4603.0000,False
641.5015,7.7096,18.9859,0.0130,365.9577,2.6755,18.2899,0.0079,0.6960,0.0153,4204.0000,4457.0000,False
640.6604,7.7151,18.9873,0.0131,374.1601,2.7076,18.2659,0.0079,0.7215,0.0153,4307.0000,3847.0000,False
640.1170,7.6876,18.9883,0.0130,377.9602,2.7141,18.2549,0.0078,0.7334,0.0152,4119.0000,4589.0000,False
639.3432,7.7093,18.9896,0.0131,375.5599,2.6823,18.2618,0.0078,0.7278,0.0152,3010.0000,840.0000,False
639.3263,67.2210,18.9896,0.1142,424.3410,55.7638,18.1292,0.1427,0.8604,0.1827,2525.0000,4479.0000,False
637.7157,7.6676,18.9923,0.0131,348.6234,2.5291,18.3426,0.0079,0.6497,0.0152,2367.0000,2814.0000,False
635.7929,7.6529,18.9956,0.0131,380.5253,2.7305,18.2475,0.0078,0.7481,0.0152,2280.0000,5195.0000,False
634.4777,7.6320,18.9979,0.0131,351.8900,2.5571,18.3325,0.0079,0.6654,0.0153,2361.0000,3873.0000,False
634.0749,9.5651,18.9985,0.0164,371.1009,2.6468,18.2748,0.0077,0.7238,0.0181,3745.0000,5424.0000,False
632.0766,7.6101,19.0020,0.0131,354.4520,2.5856,18.3246,0.0079,0.6774,0.0153,2072.0000,4115.0000,True
630.9824,7.5927,19.0039,0.0131,344.3336,2.5300,18.3561,0.0080,0.6478,0.0153,3368.0000,3074.0000,True
628.4454,7.5619,19.0082,0.0131,388.7216,2.8352,18.2244,0.0079,0.7838,0.0153,594.0000,3301.0000,True
627.9005,7.5520,19.0092,0.0131,395.4909,2.8213,18.2057,0.0077,0.8035,0.0152,1824.0000,3040.0000,True
627.3793,7.5607,19.0101,0.0131,371.1502,2.6909,18.2746,0.0079,0.7354,0.0153,3498.0000,2068.0000,True
621.0304,7.4709,19.0211,0.0131,372.8124,2.6815,18.2698,0.0078,0.7513,0.0152,2942.0000,2530.0000,True
618.4793,7.4519,19.0256,0.0131,388.2528,2.7991,18.2257,0.0078,0.7999,0.0152,4943.0000,2547.0000,True
617.3261,7.4231,19.0276,0.0131,346.5486,2.5088,18.3491,0.0079,0.6785,0.0152,4196.0000,3779.0000,True
615.5476,7.4071,19.0307,0.0131,332.6979,2.4194,18.3934,0.0079,0.6374,0.0153,5058.0000,4989.0000,True
608.1698,7.3195,19.0438,0.0131,368.3583,2.6491,18.2828,0.0078,0.7610,0.0152,2163.0000,1554.0000,True
607.4636,7.3123,19.0451,0.0131,349.6848,2.5194,18.3393,0.0078,0.7058,0.0152,2924.0000,2137.0000,True
607.4245,7.3136,19.0452,0.0131,368.9308,2.6565,18.2811,0.0078,0.7640,0.0152,3406.0000,3638.0000,True
602.8844,7.2534,19.0533,0.0131,385.4838,2.7521,18.2335,0.0078,0.8198,0.0152,2325.0000,3015.0000,True
601.9340,7.3042,19.0550,0.0132,391.5796,2.9203,18.2164,0.0081,0.8386,0.0155,3575.0000,378.0000,True
600.2417,7.2436,19.0581,0.0131,364.5796,2.6598,18.2940,0.0079,0.7641,0.0153,893.0000,3504.0000,True
599.9401,7.2138,19.0586,0.0131,351.6216,2.5297,18.3333,0.0078,0.7253,0.0152,2509.0000,5117.0000,True
599.3204,7.2398,19.0598,0.0131,366.7910,2.6410,18.2875,0.0078,0.7723,0.0153,1330.0000,2925.0000,True
598.3520,7.2041,19.0615,0.0131,345.3346,2.8195,18.3529,0.0089,0.7086,0.0158,4441.0000,2913.0000,True
592.8948,7.1539,19.0715,0.0131,372.4295,2.6813,18.2709,0.0078,0.8006,0.0153,1357.0000,2476.0000,True
591.4320,7.1280,19.0741,0.0131,347.7291,2.5105,18.3454,0.0078,0.7287,0.0153,3438.0000,2174.0000,True
590.2437,7.1081,19.0763,0.0131,360.9644,2.6212,18.3048,0.0079,0.7715,0.0153,3929.0000,1917.0000,True
585.3956,7.0680,19.0853,0.0131,368.7706,2.6637,18.2816,0.0078,0.8037,0.0153,4088.0000,2723.0000,True
580.2509,6.9970,19.0949,0.0131,356.3061,2.5445,18.3189,0.0078,0.7759,0.0152,2498.0000,1089.0000,True
577.4555,39.5749,19.1001,0.0744,352.0442,23.4958,18.3320,0.0725,0.7681,0.1039,3239.0000,3601.0000,True
577.4334,6.9510,19.1001,0.0131,332.8529,2.4004,18.3929,0.0078,0.7073,0.0152,1617.0000,1759.0000,True
576.9448,6.9809,19.1011,0.0131,228.0654,1.6990,18.8034,0.0081,0.2977,0.0154,385.0000,3251.0000,False
575.7631,6.9597,19.1033,0.0131,359.4276,2.6140,18.3095,0.0079,0.7938,0.0153,5290.0000,1830.0000,True
572.2672,6.9135,19.1099,0.0131,346.2756,2.4982,18.3499,0.0078,0.7600,0.0153,2109.0000,324.0000,True
571.4746,6.8737,19.1114,0.0131,304.3632,2.2363,18.4900,0.0080,0.6214,0.0153,1785.0000,4159.0000,True
568.4946,6.8727,19.1171,0.0131,370.5865,2.6732,18.2763,0.0078,0.8408,0.0153,1586.0000,925.0000,True
563.6290,6.7749,19.1264,0.0131,295.1391,2.1386,18.5234,0.0079,0.6030,0.0152,4252.0000,4644.0000,True
563.5628,6.7944,19.1265,0.0131,347.5511,2.5013,18.3460,0.0078,0.7806,0.0152,3032.0000,2013.0000,True
561.1337,6.7675,19.1312,0.0131,299.0798,2.1742,18.5090,0.0079,0.6222,0.0153,3123.0000,1385.0000,True
554.5618,6.6659,19.1440,0.0131,304.3924,2.1982,18.4899,0.0078,0.6541,0.0152,4635.0000,5568.0000,True
554.1564,6.6771,19.1448,0.0131,338.3515,2.4354,18.3751,0.0078,0.7697,0.0152,3195.0000,3117.0000,True
554.0612,6.7004,19.1450,0.0131,382.2045,2.7519,18.2428,0.0078,0.9022,0.0153,3661.0000,4200.0000,True
552.7351,6.9939,19.1476,0.0137,330.2990,2.3729,18.4012,0.0078,0.7464,0.0158,3138.0000,4712.0000,True
550.5330,6.6211,19.1519,0.0131,317.6737,2.2892,18.4435,0.0078,0.7084,0.0152,3522.0000,4796.0000,True
544.0073,6.5687,19.1649,0.0131,328.1533,2.4064,18.4083,0.0080,0.7566,0.0153,4313.0000,3348.0000,True
543.2429,8.2060,19.1664,0.0164,333.5044,2.4429,18.3907,0.0080,0.7757,0.0182,4657.0000,4973.0000,True
542.4701,6.5539,19.1680,0.0131,370.1364,2.7223,18.2776,0.0080,0.8904,0.0154,1613.0000,384.0000,True
542.2519,6.5845,19.1684,0.0132,333.8290,2.4385,18.3897,0.0079,0.7787,0.0154,2725.0000,5432.0000,True
542.0959,6.5162,19.1687,0.0131,326.4093,2.3803,18.4141,0.0079,0.7546,0.0153,4341.0000,4854.0000,True
540.4060,6.5153,19.1721,0.0131,308.0404,2.2206,18.4770,0.0078,0.6951,0.0153,4070.0000,1544.0000,True
540.3170,6.5703,19.1723,0.0132,328.2034,2.4458,18.4081,0.0081,0.7641,0.0155,175.0000,3350.0000,True
539.5068,6.4930,19.1739,0.0131,293.0706,2.1268,18.5311,0.0079,0.6428,0.0153,2329.0000,1771.0000,True
539.0061,6.4836,19.1749,0.0131,308.3399,2.2284,18.4759,0.0078,0.6990,0.0152,2819.0000,4793.0000,True
538.8758,6.4989,19.1752,0.0131,313.8482,2.2959,18.4567,0.0079,0.7185,0.0153,5132.0000,4073.0000,True
535.0557,6.4545,19.1829,0.0131,327.8169,2.3610,18.4094,0.0078,0.7735,0.0153,4394.0000,3334.0000,True
534.8770,6.8522,19.1833,0.0139,320.5695,2.3240,18.4337,0.0079,0.7496,0.0160,4372.0000,4644.0000,True
534.6033,6.4556,19.1838,0.0131,311.6292,3.2472,18.4644,0.0113,0.7194,0.0173,468.0000,1440.0000,True
533.6767,6.4152,19.1857,0.0131,271.8685,2.0431,18.6126,0.0082,0.5731,0.0154,3064.0000,4647.0000,False
529.3909,6.3831,19.1945,0.0131,363.7679,2.6059,18.2964,0.0078,0.8980,0.0152,4632.0000,4801.0000,True
529.3828,6.3682,19.1945,0.0131,301.3142,2.3945,18.5010,0.0086,0.6935,0.0157,4874.0000,5373.0000,True
526.8948,6.3516,19.1996,0.0131,309.5288,2.2529,18.4717,0.0079,0.7278,0.0153,4063.0000,4419.0000,True
525.3923,6.3420,19.2027,0.0131,327.1806,2.3539,18.4115,0.0078,0.7912,0.0153,2994.0000,1786.0000,True
521.5302,6.2905,19.2107,0.0131,346.2854,2.4843,18.3499,0.0078,0.8608,0.0152,3379.0000,2501.0000,True
520.4818,6.2799,19.2129,0.0131,303.2113,2.2259,18.4941,0.0080,0.7187,0.0153,2718.0000,3492.0000,True
520.2346,6.3814,19.2134,0.0133,240.7782,1.7653,18.7445,0.0080,0.4689,0.0155,991.0000,727.0000,False
518.8354,6.2488,19.2163,0.0131,292.0043,2.1351,18.5350,0.0079,0.6813,0.0153,2153.0000,3044.0000,True
514.3252,6.1899,19.2258,0.0131,322.0962,2.3370,18.4285,0.0079,0.7973,0.0153,2615.0000,4853.0000,True
513.1768,6.6904,19.2282,0.0142,283.3046,2.0564,18.5679,0.0079,0.6604,0.0162,1668.0000,4493.0000,True
512.9094,6.2282,19.2288,0.0132,296.1850,2.1476,18.5196,0.0079,0.7092,0.0154,2086.0000,430.0000,True
507.8620,6.3237,19.2395,0.0135,313.4208,2.2401,18.4582,0.0078,0.7814,0.0156,4007.0000,5213.0000,True
505.9884,6.0960,19.2435,0.0131,321.1653,2.2971,18.4317,0.0078,0.8119,0.0152,4335.0000,4457.0000,True
499.8728,6.0300,19.2568,0.0131,278.3143,2.0369,18.5872,0.0079,0.6696,0.0153,624.0000,1632.0000,True
499.0185,6.0566,19.2586,0.0132,447.6858,3.3791,18.0711,0.0082,1.1875,0.0155,1512.0000,5144.0000,False
497.6051,5.9997,19.2617,0.0131,282.5533,2.0904,18.5707,0.0080,0.6909,0.0154,2626.0000,4011.0000,True
494.8439,5.9628,19.2677,0.0131,297.3898,2.1445,18.5152,0.0078,0.7525,0.0152,1958.0000,3165.0000,True
493.4141,5.9337,19.2709,0.0131,282.7971,2.0907,18.5698,0.0080,0.7011,0.0153,3570.0000,4828.0000,True
492.7971,5.9492,19.2722,0.0131,335.9503,2.4465,18.3828,0.0079,0.8894,0.0153,4411.0000,2544.0000,True
487.7780,5.8802,19.2833,0.0131,293.7068,2.1118,18.5287,0.0078,0.7546,0.0152,2685.0000,1601.0000,True
485.8654,5.8678,19.2876,0.0131,287.7577,2.1018,18.5509,0.0079,0.7367,0.0153,1961.0000,1229.0000,True
482.5571,5.8516,19.2950,0.0132,331.4218,2.4314,18.3975,0.0080,0.8975,0.0154,5259.0000,4279.0000,True
476.9860,5.7453,19.3076,0.0131,281.1154,2.0300,18.5763,0.0078,0.7313,0.0152,2356.0000,3336.0000,True
474.5446,5.7358,19.3132,0.0131,316.2647,2.2628,18.4484,0.0078,0.8648,0.0153,4306.0000,4640.0000,True
474.3425,5.7186,19.3137,0.0131,427.9883,3.0694,18.1199,0.0078,1.1937,0.0152,3327.0000,4272.0000,False
472.4274,5.7147,19.3181,0.0131,315.6333,2.2756,18.4505,0.0078,0.8675,0.0153,3972.0000,3601.0000,True
472.3587,5.6885,19.3182,0.0131,248.5035,1.8194,18.7102,0.0079,0.6081,0.0153,2518.0000,3412.0000,True
468.0462,5.6731,19.3282,0.0132,250.2800,1.8526,18.7024,0.0080,0.6257,0.0154,621.0000,2293.0000,True
466.9283,5.6284,19.3308,0.0131,273.4696,1.9923,18.6062,0.0079,0.7245,0.0153,5224.0000,4870.0000,True
464.1442,5.5997,19.3373,0.0131,263.8263,1.9256,18.6452,0.0079,0.6921,0.0153,2832.0000,3400.0000,True
463.8375,5.6835,19.3380,0.0133,399.9429,2.8656,18.1935,0.0078,1.1445,0.0154,408.0000,1409.0000,False
463.5575,5.6430,19.3386,0.0132,350.1916,2.5422,18.3377,0.0079,1.0009,0.0154,3773.0000,3786.0000,False
455.2644,5.5012,19.3582,0.0131,283.1477,2.0476,18.5685,0.0079,0.7898,0.0153,3194.0000,4611.0000,True
451.2656,5.4340,19.3678,0.0131,283.7764,2.0463,18.5661,0.0078,0.8018,0.0152,4164.0000,4551.0000,True
451.2224,5.4446,19.3679,0.0131,278.4571,2.0137,18.5866,0.0079,0.7813,0.0153,4067.0000,2764.0000,True
446.9923,5.3938,19.3781,0.0131,285.3115,2.0539,18.5602,0.0078,0.8179,0.0153,1823.0000,2942.0000,True
446.7750,5.3917,19.3787,0.0131,317.4434,2.2836,18.4443,0.0078,0.9343,0.0153,4149.0000,2322.0000,False
445.2049,5.3918,19.3825,0.0131,259.7273,1.9022,18.6622,0.0080,0.7203,0.0154,717.0000,418.0000,True
443.3802,5.3501,19.3870,0.0131,257.6454,1.9781,18.6709,0.0083,0.7160,0.0155,1866.0000,3314.0000,True
442.9930,5.3450,19.3879,0.0131,239.6757,1.7651,18.7494,0.0080,0.6385,0.0153,1855.0000,1571.0000,True
442.7229,5.4250,19.3886,0.0133,296.1176,2.1517,18.5198,0.0079,0.8687,0.0155,4484.0000,2939.0000,True
439.7256,5.3205,19.3959,0.0131,295.4743,2.1512,18.5222,0.0079,0.8737,0.0153,276.0000,2230.0000,True
437.2437,5.2811,19.4021,0.0131,268.3987,1.9389,18.6265,0.0078,0.7755,0.0153,4208.0000,2253.0000,True
436.7783,5.2805,19.4032,0.0131,241.0581,1.7544,18.7432,0.0079,0.6601,0.0153,3113.0000,751.0000,True
435.1191,5.2497,19.4074,0.0131,319.2516,2.3108,18.4382,0.0079,0.9692,0.0153,1953.0000,4332.0000,False
434.7451,5.2413,19.4083,0.0131,274.6690,1.9784,18.6015,0.0078,0.8068,0.0152,2338.0000,3076.0000,True
433.2347,5.2244,19.4121,0.0131,265.8502,1.9193,18.6369,0.0078,0.7752,0.0153,1561.0000,3842.0000,True
430.3967,5.1985,19.4192,0.0131,256.5709,1.8762,18.6755,0.0079,0.7437,0.0153,2591.0000,4121.0000,True
429.3400,5.1834,19.4219,0.0131,256.9402,1.8618,18.6739,0.0079,0.7480,0.0153,2376.0000,3735.0000,True
424.4641,5.7754,19.4343,0.0148,268.9394,1.9805,18.6244,0.0080,0.8099,0.0168,5230.0000,2505.0000,True
424.2306,5.1180,19.4349,0.0131,240.0242,1.7364,18.7479,0.0079,0.6870,0.0153,3541.0000,1921.0000,True
422.6709,5.0951,19.4389,0.0131,282.3455,2.0266,18.5715,0.0078,0.8673,0.0152,2238.0000,4766.0000,True
421.8590,5.0910,19.4410,0.0131,254.9433,1.8821,18.6824,0.0080,0.7586,0.0154,4530.0000,2859.0000,True
417.7652,5.0626,19.4516,0.0132,260.4163,1.8834,18.6593,0.0079,0.7922,0.0153,3401.0000,5266.0000,True
415.6680,5.0171,19.4570,0.0131,240.3367,1.9341,18.7464,0.0087,0.7106,0.0158,4434.0000,5258.0000,True
413.5923,4.9921,19.4625,0.0131,251.3071,1.8342,18.6980,0.0079,0.7645,0.0153,3028.0000,3028.0000,True
409.5202,4.9715,19.4732,0.0132,265.8498,1.9243,18.6369,0.0079,0.8363,0.0153,3499.0000,837.0000,True
406.6936,4.9365,19.4807,0.0132,302.8471,2.1994,18.4954,0.0079,0.9853,0.0154,5367.0000,3541.0000,False
405.3405,4.9016,19.4844,0.0131,258.1646,1.8735,18.6688,0.0079,0.8156,0.0153,3908.0000,2520.0000,True
404.9537,4.9893,19.4854,0.0134,239.5765,1.7697,18.7499,0.0080,0.7355,0.0156,5161.0000,2932.0000,True
400.3540,4.8632,19.4978,0.0132,232.8145,1.7153,18.7810,0.0080,0.7168,0.0154,3211.0000,3532.0000,True
398.9166,5.4498,19.5017,0.0148,233.8674,1.7039,18.7761,0.0079,0.7256,0.0168,2671.0000,5318.0000,True
397.7311,4.7936,19.5049,0.0131,247.2445,2.4117,18.7157,0.0106,0.7892,0.0168,3180.0000,5004.0000,True
396.8727,4.7977,19.5073,0.0131,247.6005,1.8823,18.7141,0.0083,0.7932,0.0155,4868.0000,2076.0000,True
390.6539,4.7300,19.5244,0.0131,254.1965,1.8355,18.6856,0.0078,0.8388,0.0153,5250.0000,4368.0000,True
388.5549,4.6985,19.5303,0.0131,264.7812,1.9083,18.6413,0.0078,0.8890,0.0153,2099.0000,1378.0000,True
387.9521,4.6954,19.5320,0.0131,244.9025,1.7772,18.7260,0.0079,0.8059,0.0153,3928.0000,3914.0000,True
384.9093,4.6776,19.5405,0.0132,225.6964,1.7018,18.8147,0.0082,0.7258,0.0155,3669.0000,890.0000,True
380.7094,4.6103,19.5524,0.0131,214.1604,1.5755,18.8717,0.0080,0.6808,0.0154,2557.0000,860.0000,True
380.6445,4.6079,19.5526,0.0131,215.9219,1.5787,18.8628,0.0079,0.6898,0.0154,4144.0000,2089.0000,True
380.0876,4.5995,19.5542,0.0131,245.1491,1.7761,18.7249,0.0079,0.8293,0.0153,1234.0000,3419.0000,True
378.8243,4.6362,19.5578,0.0133,242.0180,2.1081,18.7389,0.0095,0.8189,0.0163,1126.0000,654.0000,True
377.8793,4.5610,19.5605,0.0131,223.4279,1.6359,18.8257,0.0079,0.7349,0.0153,4140.0000,2983.0000,True
377.7496,5.0194,19.5609,0.0144,226.1128,1.6509,18.8127,0.0079,0.7482,0.0165,4319.0000,3963.0000,True
375.8292,4.5358,19.5664,0.0131,260.4353,1.8741,18.6593,0.0078,0.9072,0.0153,3958.0000,5297.0000,True
375.6458,4.5434,19.5670,0.0131,231.8987,1.7568,18.7853,0.0082,0.7817,0.0155,2747.0000,2332.0000,True
374.7616,4.5344,19.5695,0.0131,221.1599,1.6184,18.8367,0.0079,0.7328,0.0154,3174.0000,1639.0000,True
373.7991,4.5468,19.5723,0.0132,223.0130,1.6389,18.8277,0.0080,0.7446,0.0154,4710.0000,4899.0000,True
367.0725,4.4469,19.5920,0.0132,260.7598,1.8934,18.6579,0.0079,0.9341,0.0153,4094.0000,4094.0000,True
364.8403,4.4104,19.5986,0.0131,241.0931,1.7475,18.7430,0.0079,0.8556,0.0153,4151.0000,2468.0000,True
362.7308,4.3816,19.6049,0.0131,229.9892,1.7088,18.7942,0.0081,0.8107,0.0154,3163.0000,4479.0000,True
362.1964,4.3958,19.6065,0.0132,438.4571,3.1709,18.0937,0.0079,1.5129,0.0153,359.0000,1412.0000,False
361.0963,4.3615,19.6098,0.0131,256.5288,1.8639,18.6757,0.0079,0.9342,0.0153,4822.0000,4135.0000,True
360.9760,4.7664,19.6102,0.0143,218.7648,1.5862,18.8486,0.0079,0.7616,0.0164,2661.0000,704.0000,True
360.2302,4.3651,19.6124,0.0132,232.1157,1.7113,18.7842,0.0080,0.8282,0.0154,5254.0000,2055.0000,True
354.3309,4.3060,19.6304,0.0132,234.9157,1.9280,18.7712,0.0089,0.8592,0.0159,992.0000,3006.0000,True
354.1298,4.3078,19.6310,0.0132,245.2204,1.7743,18.7246,0.0079,0.9064,0.0154,1923.0000,4873.0000,True
353.9471,4.3033,19.6316,0.0132,211.4139,1.5512,18.8857,0.0080,0.7459,0.0154,3990.0000,2700.0000,True
352.8266,4.2930,19.6350,0.0132,225.3221,1.6377,18.8165,0.0079,0.8185,0.0154,1237.0000,991.0000,True
352.6100,4.2630,19.6357,0.0131,197.8085,1.4647,18.9579,0.0080,0.6778,0.0154,2107.0000,1764.0000,True
349.6494,4.2396,19.6448,0.0132,240.0859,1.7420,18.7476,0.0079,0.8972,0.0153,3143.0000,2061.0000,True
347.5725,4.2086,19.6513,0.0131,245.3527,1.7775,18.7240,0.0079,0.9273,0.0153,3185.0000,3881.0000,True
345.1949,4.1739,19.6587,0.0131,221.1956,1.6135,18.8366,0.0079,0.8222,0.0153,1773.0000,4206.0000,True
343.1638,4.1523,19.6651,0.0131,227.6024,1.6463,18.8056,0.0079,0.8596,0.0153,5036.0000,4680.0000,True
341.6597,4.1363,19.6699,0.0131,204.6457,1.5194,18.9210,0.0081,0.7489,0.0154,1046.0000,1105.0000,True
339.6468,4.1081,19.6763,0.0131,207.5368,1.5516,18.9058,0.0081,0.7706,0.0154,4599.0000,4832.0000,True
337.8618,4.1132,19.6821,0.0132,195.3998,1.4250,18.9712,0.0079,0.7109,0.0154,2876.0000,766.0000,True
337.6160,4.0829,19.6828,0.0131,228.6417,1.6530,18.8006,0.0078,0.8822,0.0153,4664.0000,3022.0000,True
335.7403,4.2798,19.6889,0.0138,203.2702,1.4766,18.9283,0.0079,0.7606,0.0159,1435.0000,1016.0000,True
334.7843,4.0662,19.6920,0.0132,207.4481,1.7905,18.9062,0.0094,0.7858,0.0162,2974.0000,1929.0000,True
331.9657,4.0587,19.7012,0.0133,198.7172,1.5120,18.9529,0.0083,0.7483,0.0156,1271.0000,2396.0000,True
331.3610,4.0078,19.7031,0.0131,205.4224,1.4888,18.9169,0.0079,0.7863,0.0153,2370.0000,3001.0000,True
329.2234,3.9830,19.7102,0.0131,223.3843,1.6163,18.8259,0.0079,0.8843,0.0153,3079.0000,5295.0000,True
326.8380,3.9698,19.7181,0.0132,213.1609,1.5634,18.8767,0.0080,0.8413,0.0154,3622.0000,5105.0000,True
324.4507,3.9244,19.7260,0.0131,195.4126,1.4306,18.9711,0.0079,0.7549,0.0154,3012.0000,2463.0000,True
322.8408,3.9229,19.7314,0.0132,173.0060,1.2794,19.1033,0.0080,0.6281,0.0154,4635.0000,4392.0000,False
319.6503,3.8913,19.7422,0.0132,198.5242,1.4628,18.9540,0.0080,0.7882,0.0154,464.0000,2233.0000,True
319.0235,3.8726,19.7443,0.0132,211.1440,1.5382,18.8871,0.0079,0.8573,0.0154,4083.0000,1747.0000,True
318.0471,3.8847,19.7477,0.0133,209.2283,1.5214,18.8969,0.0079,0.8507,0.0154,1913.0000,3498.0000,True
315.6358,3.8285,19.7559,0.0132,164.6397,1.2013,19.1572,0.0079,0.5988,0.0154,3305.0000,1402.0000,False
313.2290,3.7981,19.7642,0.0132,195.2819,1.4813,18.9718,0.0082,0.7924,0.0155,4773.0000,1719.0000,True
309.5594,3.7543,19.7770,0.0132,195.7616,1.4434,18.9692,0.0080,0.8079,0.0154,782.0000,3614.0000,True
308.4101,3.7316,19.7811,0.0131,191.6478,1.4103,18.9922,0.0080,0.7888,0.0154,3999.0000,4440.0000,True
305.4518,3.7014,19.7915,0.0132,224.3480,1.6749,18.8212,0.0081,0.9703,0.0155,4764.0000,3333.0000,False
303.7053,3.6759,19.7978,0.0131,194.8967,1.4209,18.9740,0.0079,0.8238,0.0153,2450.0000,3956.0000,True
300.8778,3.7063,19.8079,0.0134,248.2629,1.7825,18.7112,0.0078,1.0967,0.0155,5119.0000,3908.0000,False
299.5004,3.6306,19.8129,0.0132,179.9042,1.3212,19.0609,0.0080,0.7520,0.0154,3188.0000,2512.0000,True
298.9489,3.6675,19.8149,0.0133,179.0160,1.5234,19.0663,0.0092,0.7486,0.0162,4039.0000,1161.0000,True
298.9445,3.6187,19.8149,0.0131,173.3395,1.2719,19.1013,0.0080,0.7137,0.0154,4167.0000,2194.0000,True
298.1665,3.6132,19.8178,0.0132,148.2324,1.0922,19.2711,0.0080,0.5466,0.0154,2481.0000,1922.0000,False
297.2928,3.6266,19.8209,0.0132,194.3128,1.4593,18.9772,0.0082,0.8437,0.0156,4042.0000,4844.0000,True
296.6901,3.5947,19.8231,0.0132,174.5031,1.2884,19.0940,0.0080,0.7292,0.0154,1389.0000,1315.0000,True
294.8484,3.5703,19.8299,0.0131,187.0930,1.3633,19.0184,0.0079,0.8115,0.0153,2781.0000,2621.0000,True
294.4583,3.9270,19.8313,0.0145,181.9938,1.3910,19.0484,0.0083,0.7830,0.0167,1997.0000,1001.0000,True
294.4367,3.5690,19.8314,0.0132,188.9386,1.3971,19.0077,0.0080,0.8237,0.0154,3231.0000,4836.0000,True
291.3286,9.6375,19.8429,0.0359,186.4639,6.8174,19.0220,0.0397,0.8209,0.0535,3056.0000,4068.0000,True
290.0245,3.5144,19.8478,0.0132,195.7438,1.4229,18.9693,0.0079,0.8785,0.0153,2150.0000,2498.0000,True
289.7124,3.5494,19.8490,0.0133,176.8366,1.3325,19.0796,0.0082,0.7694,0.0156,190.0000,2684.0000,True
288.4566,3.5342,19.8537,0.0133,154.6581,1.1381,19.2251,0.0080,0.6286,0.0155,3775.0000,5485.0000,False
287.9852,3.4990,19.8555,0.0132,154.9178,1.1481,19.2232,0.0080,0.6322,0.0155,3467.0000,1036.0000,False
287.4706,3.4828,19.8574,0.0132,194.5457,1.4203,18.9759,0.0079,0.8815,0.0154,1527.0000,2814.0000,True
286.9287,3.4810,19.8595,0.0132,186.1677,1.3847,19.0237,0.0081,0.8357,0.0155,3433.0000,4513.0000,True
285.1912,3.4569,19.8661,0.0132,188.2365,1.3654,19.0117,0.0079,0.8543,0.0153,2008.0000,1996.0000,True
283.3201,4.6684,19.8732,0.0179,183.4816,2.2995,19.0395,0.0136,0.8337,0.0225,5087.0000,4848.0000,True
281.3347,3.4114,19.8808,0.0132,173.5638,1.2768,19.0999,0.0080,0.7810,0.0154,1856.0000,1987.0000,True
281.2223,3.4128,19.8813,0.0132,185.4379,1.3679,19.0280,0.0080,0.8533,0.0154,4969.0000,2961.0000,True
280.5907,3.4203,19.8837,0.0132,176.8421,1.4147,19.0795,0.0087,0.8042,0.0158,1166.0000,2366.0000,True
279.5658,3.3912,19.8877,0.0132,168.2672,1.3497,19.1335,0.0087,0.7542,0.0158,5043.0000,4540.0000,True
279.4331,3.3874,19.8882,0.0132,127.3196,0.9532,19.4363,0.0081,0.4519,0.0155,700.0000,1221.0000,False
279.3295,3.3887,19.8886,0.0132,168.5068,1.2340,19.1320,0.0080,0.7567,0.0154,1866.0000,813.0000,True
278.3347,3.3871,19.8925,0.0132,181.8651,1.3773,19.0491,0.0082,0.8434,0.0156,4363.0000,3480.0000,True
278.0107,3.3689,19.8937,0.0132,176.1980,1.6193,19.0835,0.0100,0.8102,0.0165,5037.0000,5577.0000,True
277.3776,3.3668,19.8962,0.0132,172.8257,1.2722,19.1045,0.0080,0.7917,0.0154,1945.0000,3680.0000,True
277.2827,3.3603,19.8966,0.0132,173.2700,1.2715,19.1017,0.0080,0.7949,0.0154,2117.0000,3085.0000,True
276.7002,3.3561,19.8989,0.0132,176.9634,1.3278,19.0788,0.0081,0.8201,0.0155,2933.0000,2325.0000,True
275.5198,3.3405,19.9035,0.0132,183.4089,1.3422,19.0399,0.0079,0.8636,0.0154,2554.0000,4331.0000,True
274.1612,3.3361,19.9089,0.0132,184.4375,1.3744,19.0339,0.0081,0.8750,0.0155,4928.0000,2001.0000,True
274.0298,3.3307,19.9094,0.0132,170.9887,1.2631,19.1161,0.0080,0.7933,0.0154,2945.0000,3107.0000,True
271.3608,3.2951,19.9200,0.0132,169.6612,1.2456,19.1245,0.0080,0.7955,0.0154,2578.0000,2903.0000,True
271.2521,3.2884,19.9205,0.0132,168.2938,1.2742,19.1333,0.0082,0.7871,0.0155,3187.0000,2358.0000,True
270.6549,3.2800,19.9229,0.0132,135.9940,1.0098,19.3647,0.0081,0.5582,0.0154,1397.0000,1809.0000,False
269.5695,3.2842,19.9272,0.0132,228.6962,1.6545,18.8004,0.0079,1.1269,0.0154,3689.0000,4194.0000,False
268.4998,3.4233,19.9315,0.0138,165.8718,1.2475,19.1491,0.0082,0.7825,0.0161,3773.0000,758.0000,True
268.1789,3.2571,19.9328,0.0132,192.6213,1.4182,18.9867,0.0080,0.9461,0.0154,4793.0000,1862.0000,True
268.1529,3.2538,19.9329,0.0132,180.6241,1.3145,19.0566,0.0079,0.8764,0.0154,2166.0000,3276.0000,True
267.4293,3.2647,19.9359,0.0133,160.6834,1.1936,19.1836,0.0081,0.7523,0.0155,5076.0000,5457.0000,True
266.4177,3.2361,19.9400,0.0132,165.2973,1.2128,19.1528,0.0080,0.7872,0.0154,4923.0000,4253.0000,True
265.5098,3.2371,19.9437,0.0132,204.0877,1.5474,18.9240,0.0082,1.0197,0.0156,275.0000,1880.0000,False
264.4610,3.2374,19.9480,0.0133,171.4966,1.3040,19.1129,0.0083,0.8351,0.0156,4690.0000,4533.0000,True
264.3394,3.2016,19.9485,0.0132,199.6417,1.4877,18.9479,0.0081,1.0006,0.0154,4023.0000,5345.0000,False
264.2291,3.2404,19.9489,0.0133,157.1220,1.1710,19.2079,0.0081,0.7410,0.0156,3035.0000,1328.0000,True
264.0986,3.2008,19.9495,0.0132,163.2647,1.2308,19.1663,0.0082,0.7832,0.0155,5145.0000,5441.0000,True
263.9483,3.2098,19.9501,0.0132,202.4585,1.4910,18.9327,0.0080,1.0174,0.0154,2380.0000,4518.0000,False
263.8429,3.2086,19.9505,0.0132,164.0602,1.2057,19.1610,0.0080,0.7895,0.0154,3877.0000,4001.0000,True
261.4605,3.2642,19.9604,0.0136,164.1861,1.2046,19.1602,0.0080,0.8002,0.0157,3612.0000,1466.0000,True
260.6501,3.1590,19.9638,0.0132,164.0615,1.2169,19.1610,0.0081,0.8028,0.0154,3479.0000,5116.0000,True
260.0959,3.1536,19.9661,0.0132,167.4267,1.2314,19.1389,0.0080,0.8271,0.0154,2585.0000,5312.0000,True
259.8582,3.1587,19.9671,0.0132,167.7125,1.2646,19.1371,0.0082,0.8300,0.0155,5080.0000,3044.0000,True
259.4679,3.1572,19.9687,0.0132,168.7058,1.2537,19.1307,0.0081,0.8380,0.0155,4527.0000,2627.0000,True
259.2358,3.1513,19.9697,0.0132,182.4115,1.3324,19.0459,0.0079,0.9238,0.0154,4685.0000,2055.0000,True
258.0844,3.1366,19.9745,0.0132,175.8048,1.2820,19.0859,0.0079,0.8886,0.0154,3375.0000,2316.0000,True
257.0008,3.1209,19.9791,0.0132,249.5052,1.8074,18.7058,0.0079,1.2733,0.0154,3246.0000,3895.0000,False
253.7876,3.0791,19.9927,0.0132,183.4605,1.3307,19.0396,0.0079,0.9531,0.0153,1632.0000,2003.0000,True
252.7919,3.0710,19.9970,0.0132,145.2030,1.0916,19.2936,0.0082,0.7034,0.0155,4706.0000,3197.0000,True
250.4671,3.0423,20.0070,0.0132,149.0681,1.1119,19.2650,0.0081,0.7420,0.0155,2915.0000,3116.0000,True
250.2841,3.0361,20.0078,0.0132,161.8146,1.1913,19.1760,0.0080,0.8319,0.0154,4384.0000,3789.0000,True
248.8091,3.0273,20.0142,0.0132,194.1233,1.4235,18.9783,0.0080,1.0359,0.0154,2699.0000,4195.0000,False
248.3061,3.2213,20.0164,0.0141,198.4936,1.5765,18.9541,0.0086,1.0623,0.0165,2646.0000,4493.0000,False
246.7505,3.0039,20.0233,0.0132,150.9023,1.1298,19.2518,0.0081,0.7715,0.0155,1748.0000,5289.0000,True
246.7363,3.0364,20.0233,0.0134,168.3434,1.2390,19.1330,0.0080,0.8903,0.0156,4823.0000,3308.0000,True
246.1272,2.9977,20.0260,0.0132,179.4515,1.3193,19.0636,0.0080,0.9624,0.0154,2424.0000,347.0000,True
243.6963,2.9869,20.0368,0.0133,161.3937,1.1945,19.1788,0.0080,0.8580,0.0155,4237.0000,4255.0000,True
241.4216,2.9308,20.0470,0.0132,157.8153,1.1656,19.2031,0.0080,0.8438,0.0154,3975.0000,5351.0000,True
240.1644,2.9192,20.0526,0.0132,150.7296,1.1248,19.2530,0.0081,0.7996,0.0155,2396.0000,3429.0000,True
239.0015,2.9108,20.0579,0.0132,159.6001,1.1872,19.1909,0.0081,0.8670,0.0155,3928.0000,2004.0000,True
238.6751,2.9365,20.0594,0.0134,150.3695,1.1395,19.2556,0.0082,0.8038,0.0157,4990.0000,5053.0000,True
238.2410,2.8966,20.0614,0.0132,168.5213,1.6605,19.1319,0.0107,0.9295,0.0170,2652.0000,3308.0000,True
238.2290,2.8945,20.0614,0.0132,152.9307,1.1303,19.2373,0.0080,0.8242,0.0154,2039.0000,2440.0000,True
237.9935,2.9077,20.0625,0.0133,151.8344,1.5453,19.2451,0.0111,0.8174,0.0173,1289.0000,182.0000,True
237.5300,2.8896,20.0646,0.0132,162.9973,1.1935,19.1680,0.0080,0.8966,0.0154,3490.0000,1766.0000,True
237.0631,2.8821,20.0667,0.0132,167.1625,1.3060,19.1407,0.0085,0.9261,0.0157,4021.0000,4807.0000,True
236.3550,2.8786,20.0700,0.0132,147.1825,1.1075,19.2789,0.0082,0.7911,0.0155,3379.0000,3987.0000,True
236.3026,2.8720,20.0702,0.0132,165.0855,1.2068,19.1542,0.0079,0.9160,0.0154,1509.0000,3625.0000,True
235.3842,2.8717,20.0745,0.0132,169.4946,1.2389,19.1256,0.0079,0.9488,0.0154,2074.0000,1286.0000,True
232.8840,2.8284,20.0861,0.0132,144.4824,1.0740,19.2990,0.0081,0.7871,0.0155,2365.0000,4678.0000,True
232.4336,2.8506,20.0882,0.0133,134.6626,1.0155,19.3754,0.0082,0.7128,0.0156,1510.0000,313.0000,True
232.2997,2.8872,20.0888,0.0135,157.7201,1.1592,19.2038,0.0080,0.8850,0.0157,3488.0000,5188.0000,True
232.1510,2.8733,20.0895,0.0134,146.3962,1.0927,19.2847,0.0081,0.8048,0.0157,3945.0000,2248.0000,True
231.7347,2.8142,20.0914,0.0132,158.0552,1.1585,19.2015,0.0080,0.8899,0.0154,3643.0000,5505.0000,True
230.4745,2.8020,20.0973,0.0132,164.1781,1.2859,19.1602,0.0085,0.9371,0.0157,5174.0000,4436.0000,True
229.8665,2.8014,20.1002,0.0132,155.6941,1.1525,19.2178,0.0080,0.8824,0.0155,4007.0000,2605.0000,True
229.8601,2.8011,20.1002,0.0132,147.4554,1.1189,19.2768,0.0082,0.8234,0.0156,3755.0000,4322.0000,True
229.5391,2.7940,20.1018,0.0132,157.7158,1.1545,19.2038,0.0079,0.8979,0.0154,1645.0000,2965.0000,True
227.4564,2.7666,20.1117,0.0132,165.7934,1.2131,19.1496,0.0079,0.9621,0.0154,2673.0000,4064.0000,True
227.2115,2.7837,20.1128,0.0133,163.4169,1.2499,19.1653,0.0083,0.9476,0.0157,4578.0000,3472.0000,True
226.3326,2.7627,20.1170,0.0133,154.5258,1.1636,19.2260,0.0082,0.8910,0.0156,1145.0000,2663.0000,True
225.4794,2.7491,20.1211,0.0132,166.0548,1.2193,19.1479,0.0080,0.9733,0.0155,3554.0000,2628.0000,True
224.3092,2.7379,20.1268,0.0133,135.3589,1.0187,19.3698,0.0082,0.7570,0.0156,2527.0000,3697.0000,True
224.2564,2.7554,20.1270,0.0133,148.9195,1.2243,19.2661,0.0089,0.8609,0.0161,4188.0000,3530.0000,True
223.9063,2.7249,20.1287,0.0132,146.1713,1.0801,19.2863,0.0080,0.8424,0.0155,3343.0000,2678.0000,True
220.7627,2.6996,20.1441,0.0133,161.6011,1.2154,19.1774,0.0082,0.9667,0.0156,4844.0000,3603.0000,True
218.5402,2.6643,20.1551,0.0132,130.5429,0.9715,19.4091,0.0081,0.7460,0.0155,4215.0000,2714.0000,True
217.2126,2.6480,20.1617,0.0132,146.5392,1.1113,19.2836,0.0082,0.8781,0.0156,2853.0000,2947.0000,True
216.0656,2.6379,20.1674,0.0133,133.8307,1.0329,19.3821,0.0084,0.7853,0.0157,4881.0000,2351.0000,True
216.0421,2.6328,20.1676,0.0132,134.7947,1.0095,19.3743,0.0081,0.7932,0.0155,2400.0000,1798.0000,True
213.9653,2.6049,20.1780,0.0132,157.8009,1.1589,19.2032,0.0080,0.9748,0.0154,4337.0000,5216.0000,True
211.7484,2.5790,20.1893,0.0132,192.5333,1.4066,18.9872,0.0079,1.2021,0.0154,4180.0000,3278.0000,False
209.9597,2.9443,20.1986,0.0152,117.2137,1.0404,19.5261,0.0096,0.6725,0.0180,1254.0000,479.0000,False
209.7633,2.6128,20.1996,0.0135,133.8782,1.0188,19.3817,0.0083,0.8179,0.0158,2389.0000,5055.0000,True
208.9767,2.5445,20.2037,0.0132,145.2403,1.0655,19.2933,0.0080,0.9104,0.0154,4790.0000,3963.0000,True
208.8348,2.5495,20.2044,0.0133,137.5911,1.0293,19.3520,0.0081,0.8524,0.0155,5146.0000,2780.0000,True
207.9528,2.5404,20.2090,0.0133,147.8742,1.1009,19.2738,0.0081,0.9352,0.0155,3813.0000,3542.0000,True
206.7862,2.5168,20.2151,0.0132,140.4534,1.0419,19.3297,0.0081,0.8854,0.0155,3618.0000,4610.0000,True
205.8603,2.5139,20.2200,0.0133,145.2340,1.0733,19.2933,0.0080,0.9266,0.0155,2753.0000,4385.0000,True
205.1369,2.5023,20.2238,0.0132,139.5744,1.6519,19.3365,0.0128,0.8873,0.0185,2460.0000,893.0000,True
204.6420,2.4943,20.2264,0.0132,128.5964,0.9616,19.4254,0.0081,0.8010,0.0155,2760.0000,2863.0000,True
203.8934,2.5263,20.2304,0.0135,153.7977,1.1267,19.2311,0.0080,0.9993,0.0156,3714.0000,3561.0000,True
201.6418,2.4573,20.2424,0.0132,137.8274,1.0203,19.3502,0.0080,0.8923,0.0155,5045.0000,4425.0000,True
201.1796,2.4534,20.2449,0.0132,142.9503,1.0527,19.3105,0.0080,0.9344,0.0155,4174.0000,2056.0000,True
201.0550,2.4590,20.2456,0.0133,110.1166,0.8263,19.5939,0.0081,0.6517,0.0156,2457.0000,387.0000,False
200.8433,2.4643,20.2468,0.0133,132.0241,0.9876,19.3969,0.0081,0.8499,0.0156,4757.0000,1850.0000,True
200.4924,2.4915,20.2487,0.0135,116.5030,0.8732,19.5327,0.0081,0.7160,0.0158,2192.0000,5359.0000,False
200.4286,2.4489,20.2490,0.0133,128.1086,1.0373,19.4296,0.0088,0.8194,0.0159,2774.0000,830.0000,True
197.1201,2.5698,20.2671,0.0142,135.6854,1.0022,19.3672,0.0080,0.8999,0.0163,1919.0000,1312.0000,True
197.0680,2.4033,20.2674,0.0132,128.5121,0.9567,19.4261,0.0081,0.8412,0.0155,3036.0000,2433.0000,True
196.4004,2.4008,20.2710,0.0133,133.5999,1.0014,19.3840,0.0081,0.8871,0.0156,4905.0000,2756.0000,True
194.3894,2.4948,20.2822,0.0139,144.3053,1.1569,19.3003,0.0087,0.9819,0.0164,5000.0000,4698.0000,True
193.5994,2.3648,20.2866,0.0133,132.8547,0.9849,19.3901,0.0080,0.8966,0.0155,2404.0000,1871.0000,True
193.2346,2.3554,20.2887,0.0132,132.1982,0.9800,19.3954,0.0080,0.8933,0.0155,4083.0000,4803.0000,True
192.6361,2.3470,20.2921,0.0132,126.3284,0.9409,19.4447,0.0081,0.8473,0.0155,4360.0000,5363.0000,True
192.5312,2.3690,20.2926,0.0134,138.6569,1.0299,19.3436,0.0081,0.9490,0.0156,1319.0000,1765.0000,True
192.3300,2.3558,20.2938,0.0133,131.8167,0.9934,19.3986,0.0082,0.8952,0.0156,3569.0000,4935.0000,True
190.8847,2.3444,20.3020,0.0133,141.8950,1.0465,19.3186,0.0080,0.9834,0.0156,3349.0000,5400.0000,True
190.8269,2.3491,20.3023,0.0134,128.9209,0.9823,19.4227,0.0083,0.8796,0.0157,4878.0000,2678.0000,True
190.4419,2.3398,20.3045,0.0133,164.3078,1.2131,19.1594,0.0080,1.1451,0.0156,5083.0000,3925.0000,False
190.4357,2.3317,20.3045,0.0133,127.6634,0.9537,19.4333,0.0081,0.8712,0.0156,3815.0000,3037.0000,True
189.0189,2.3240,20.3126,0.0133,131.6173,0.9847,19.4002,0.0081,0.9124,0.0156,1133.0000,811.0000,True
188.2903,2.2981,20.3168,0.0133,106.6386,0.8023,19.6287,0.0082,0.6881,0.0156,1942.0000,3817.0000,False
186.7924,2.2826,20.3255,0.0133,131.9933,0.9808,19.3971,0.0081,0.9284,0.0155,3914.0000,3235.0000,True
186.7405,2.2795,20.3258,0.0133,136.9731,1.0062,19.3569,0.0080,0.9689,0.0155,2135.0000,2226.0000,True
186.7158,2.2798,20.3259,0.0133,132.8260,0.9854,19.3903,0.0081,0.9357,0.0155,2734.0000,3856.0000,True
186.5671,2.2799,20.3268,0.0133,120.4940,0.9408,19.4961,0.0085,0.8307,0.0157,4489.0000,2097.0000,True
186.3516,2.2801,20.3281,0.0133,209.5203,1.5479,18.8954,0.0080,1.4326,0.0155,1048.0000,1805.0000,False
185.5024,2.2745,20.3330,0.0133,133.3759,0.9976,19.3858,0.0081,0.9472,0.0156,5205.0000,2352.0000,True
185.4099,2.2698,20.3336,0.0133,139.3059,1.0402,19.3386,0.0081,0.9950,0.0156,3390.0000,5459.0000,True
183.4692,2.2564,20.3450,0.0134,122.6587,0.9379,19.4768,0.0083,0.8682,0.0157,3818.0000,1106.0000,True
181.4538,2.2215,20.3570,0.0133,121.8049,0.9079,19.4843,0.0081,0.8726,0.0156,2073.0000,1951.0000,True
180.9795,2.2119,20.3598,0.0133,142.1590,1.0421,19.3166,0.0080,1.0433,0.0155,3569.0000,2300.0000,True
180.1761,2.2080,20.3647,0.0133,130.9550,1.0204,19.4057,0.0085,0.9590,0.0158,4526.0000,3297.0000,True
180.1228,2.3619,20.3650,0.0142,100.9879,0.7556,19.6878,0.0081,0.6772,0.0164,938.0000,2305.0000,False
180.0255,2.2107,20.3656,0.0133,119.5169,2.1155,19.5049,0.0192,0.8606,0.0234,333.0000,2313.0000,True
179.7817,2.1980,20.3670,0.0133,124.6625,0.9263,19.4592,0.0081,0.9079,0.0155,1800.0000,1665.0000,True
179.0732,2.1926,20.3713,0.0133,111.0615,0.8309,19.5846,0.0081,0.7867,0.0156,3304.0000,2042.0000,True
178.6118,2.1817,20.3741,0.0133,117.2457,0.8753,19.5258,0.0081,0.8484,0.0155,2495.0000,2903.0000,True
178.1172,2.1802,20.3771,0.0133,131.3050,0.9786,19.4028,0.0081,0.9743,0.0156,4227.0000,2400.0000,True
177.7233,2.1910,20.3795,0.0134,119.2728,0.9102,19.5071,0.0083,0.8724,0.0157,3175.0000,1027.0000,True
177.5350,2.2435,20.3807,0.0137,112.3068,0.8419,19.5725,0.0081,0.8082,0.0160,1660.0000,742.0000,True
177.3232,2.1899,20.3820,0.0134,124.9833,1.0314,19.4564,0.0090,0.9256,0.0161,904.0000,2173.0000,True
177.1361,2.1667,20.3831,0.0133,128.1330,0.9477,19.4293,0.0080,0.9538,0.0155,5164.0000,3733.0000,True
177.1072,2.1680,20.3833,0.0133,135.0946,1.0059,19.3719,0.0081,1.0114,0.0156,3976.0000,3500.0000,True
175.6064,2.4454,20.3925,0.0151,128.9480,0.9973,19.4225,0.0084,0.9701,0.0173,772.0000,823.0000,True
174.8789,2.1386,20.3971,0.0133,155.1245,1.1505,19.2218,0.0081,1.1753,0.0155,2805.0000,2063.0000,False
173.9675,2.6748,20.4027,0.0167,117.7457,0.8774,19.5211,0.0081,0.8816,0.0186,3704.0000,4926.0000,True
173.3978,2.1177,20.4063,0.0133,113.2116,0.8614,19.5638,0.0083,0.8425,0.0156,4790.0000,5473.0000,True
173.2875,2.1196,20.4070,0.0133,118.7684,0.8871,19.5117,0.0081,0.8952,0.0156,2391.0000,2502.0000,True
173.0845,2.1406,20.4083,0.0134,122.6251,0.9411,19.4771,0.0083,0.9312,0.0158,1105.0000,3035.0000,True
172.1029,6.7625,20.4144,0.0427,128.9261,5.0253,19.4226,0.0423,0.9918,0.0601,782.0000,2336.0000,True
171.0611,2.4949,20.4210,0.0158,123.8404,0.9691,19.4663,0.0085,0.9547,0.0180,3331.0000,5137.0000,True
170.6443,2.0901,20.4237,0.0133,122.0044,0.9093,19.4826,0.0081,0.9411,0.0156,3559.0000,4213.0000,True
170.4798,2.1191,20.4247,0.0135,120.7700,0.9242,19.4936,0.0083,0.9311,0.0158,985.0000,2972.0000,True
170.2254,2.1166,20.4263,0.0135,115.8000,0.8714,19.5392,0.0082,0.8871,0.0158,3157.0000,4850.0000,True
169.9605,2.0824,20.4280,0.0133,103.5496,0.7782,19.6606,0.0082,0.7674,0.0156,4212.0000,1641.0000,True
169.1056,2.1731,20.4335,0.0140,119.6151,0.8950,19.5040,0.0081,0.9295,0.0161,3535.0000,4442.0000,True
169.0938,2.0713,20.4336,0.0133,125.3288,0.9283,19.4534,0.0080,0.9802,0.0155,3017.0000,3856.0000,True
168.6379,2.0700,20.4365,0.0133,122.8967,0.9464,19.4746,0.0084,0.9619,0.0157,5104.0000,1999.0000,True
168.0992,2.7812,20.4400,0.0180,119.0590,0.9069,19.5091,0.0083,0.9309,0.0198,2296.0000,806.0000,True
167.3942,2.0498,20.4445,0.0133,136.9457,1.0097,19.3571,0.0080,1.0874,0.0155,1579.0000,2055.0000,False
165.8198,2.0269,20.4548,0.0133,94.9051,0.7122,19.7553,0.0081,0.6995,0.0156,4868.0000,4529.0000,False
164.8911,2.0500,20.4609,0.0135,101.0091,0.8338,19.6876,0.0090,0.7733,0.0162,1801.0000,629.0000,True
162.8944,2.0242,20.4741,0.0135,112.8226,0.8492,19.5675,0.0082,0.9066,0.0158,1275.0000,1703.0000,True
162.6940,1.9998,20.4755,0.0133,132.4672,0.9922,19.3932,0.0081,1.0822,0.0156,5054.0000,3139.0000,True
162.5525,1.9892,20.4764,0.0133,110.0636,0.8252,19.5944,0.0081,0.8820,0.0156,1955.0000,2450.0000,True
159.5568,1.9528,20.4966,0.0133,108.7569,0.8248,19.6074,0.0082,0.8893,0.0156,4096.0000,5377.0000,True
159.0671,1.9469,20.4999,0.0133,107.9126,0.8605,19.6158,0.0087,0.8841,0.0159,4394.0000,5107.0000,True
157.9898,1.9425,20.5073,0.0133,171.4674,1.2667,19.1130,0.0080,1.3943,0.0156,3550.0000,3108.0000,False
157.6761,1.9632,20.5095,0.0135,118.0215,0.8904,19.5186,0.0082,0.9909,0.0158,3617.0000,3801.0000,True
156.1099,1.9219,20.5203,0.0134,121.3538,0.9026,19.4884,0.0081,1.0320,0.0156,3827.0000,2451.0000,True
153.3319,1.8944,20.5398,0.0134,73.3566,0.6278,20.0349,0.0093,0.5049,0.0163,2295.0000,454.0000,False
152.9518,1.9166,20.5425,0.0136,107.7824,0.9295,19.6171,0.0094,0.9254,0.0165,1784.0000,320.0000,True
151.1460,1.8916,20.5554,0.0136,105.6519,0.7909,19.6388,0.0081,0.9166,0.0158,1307.0000,1466.0000,True
149.9223,1.8395,20.5642,0.0133,110.6194,0.8298,19.5889,0.0081,0.9753,0.0156,3087.0000,3511.0000,True
149.4020,2.4774,20.5680,0.0180,94.9302,0.8405,19.7550,0.0096,0.8130,0.0204,565.0000,819.0000,True
148.3535,1.8270,20.5757,0.0134,111.1373,0.8340,19.5839,0.0081,0.9918,0.0157,4113.0000,1937.0000,True
147.4667,1.8846,20.5822,0.0139,110.6158,0.8264,19.5890,0.0081,0.9932,0.0161,4445.0000,2679.0000,True
146.6145,16.7281,20.5885,0.1239,109.3047,11.0343,19.6019,0.1096,0.9866,0.1654,3062.0000,4062.0000,True
146.6012,1.8028,20.5886,0.0134,97.8931,1.3934,19.7216,0.0155,0.8669,0.0204,3226.0000,5154.0000,True
145.9524,1.7934,20.5934,0.0133,105.0750,0.7912,19.6448,0.0082,0.9486,0.0156,1543.0000,4002.0000,True
145.5235,1.7996,20.5966,0.0134,106.7154,1.0962,19.6279,0.0112,0.9686,0.0175,487.0000,1238.0000,True
144.9349,1.7831,20.6010,0.0134,245.7433,1.7912,18.7223,0.0079,1.8787,0.0155,3518.0000,4948.0000,False
144.6410,1.7755,20.6032,0.0133,107.9522,0.8060,19.6154,0.0081,0.9878,0.0156,2317.0000,2342.0000,True
143.7135,1.8145,20.6102,0.0137,99.0066,0.7551,19.7093,0.0083,0.9008,0.0160,3233.0000,4889.0000,True
142.9708,1.7858,20.6158,0.0136,114.6032,0.8796,19.5505,0.0083,1.0653,0.0159,5242.0000,4257.0000,True
142.2539,1.7517,20.6212,0.0134,97.5245,0.7747,19.7257,0.0086,0.8955,0.0159,4666.0000,2115.0000,True
141.2350,1.7896,20.6290,0.0138,104.3835,0.7912,19.6519,0.0082,0.9771,0.0160,3799.0000,981.0000,True
141.1822,1.7356,20.6294,0.0133,100.9429,0.7572,19.6883,0.0081,0.9411,0.0156,2409.0000,1545.0000,True
140.3611,1.7262,20.6358,0.0134,107.6498,0.8101,19.6185,0.0082,1.0173,0.0157,3051.0000,2709.0000,True
138.0128,1.7012,20.6541,0.0134,109.0802,0.8157,19.6041,0.0081,1.0500,0.0157,4098.0000,1910.0000,True
136.4310,1.6887,20.6666,0.0134,103.5089,0.7845,19.6611,0.0082,1.0056,0.0158,4085.0000,4620.0000,True
134.9229,1.6611,20.6787,0.0134,103.6320,0.7811,19.6598,0.0082,1.0189,0.0157,1679.0000,4889.0000,True
134.7864,1.6580,20.6798,0.0134,97.8103,0.7883,19.7225,0.0088,0.9572,0.0160,2472.0000,5230.0000,True
133.7467,1.6503,20.6882,0.0134,98.9377,0.7460,19.7101,0.0082,0.9781,0.0157,5228.0000,1713.0000,True
132.0579,1.6325,20.7020,0.0134,99.9332,0.7506,19.6992,0.0082,1.0028,0.0157,4016.0000,1533.0000,True
130.3409,1.6094,20.7162,0.0134,89.1604,0.6863,19.8231,0.0084,0.8931,0.0158,3717.0000,1532.0000,True
130.2288,1.6076,20.7171,0.0134,102.3348,0.7722,19.6734,0.0082,1.0437,0.0157,5227.0000,4464.0000,True
128.7483,1.5898,20.7295,0.0134,99.3974,0.7535,19.7051,0.0082,1.0245,0.0157,3999.0000,2930.0000,True
128.1871,1.5825,20.7343,0.0134,103.3833,0.7784,19.6624,0.0082,1.0719,0.0157,2765.0000,4042.0000,True
127.6867,1.5730,20.7385,0.0134,108.7037,0.8081,19.6079,0.0081,1.1306,0.0156,4199.0000,5453.0000,True
126.3767,1.5647,20.7497,0.0134,107.1947,0.8413,19.6231,0.0085,1.1267,0.0159,4552.0000,3365.0000,True
125.5804,1.9399,20.7566,0.0168,100.0634,0.8098,19.6978,0.0088,1.0588,0.0189,4507.0000,2464.0000,True
125.5602,1.5479,20.7568,0.0134,98.4118,0.7874,19.7159,0.0087,1.0409,0.0160,2187.0000,2285.0000,True
124.7349,1.5425,20.7639,0.0134,87.8960,0.6741,19.8386,0.0083,0.9254,0.0158,3696.0000,1845.0000,True
124.1426,1.5319,20.7691,0.0134,103.1917,0.7709,19.6644,0.0081,1.1047,0.0157,2054.0000,3768.0000,True
124.0056,1.5599,20.7703,0.0137,109.1945,0.8166,19.6030,0.0081,1.1673,0.0159,5113.0000,3982.0000,True
123.0327,1.5288,20.7788,0.0135,115.7757,1.2589,19.5395,0.0118,1.2394,0.0179,5026.0000,3851.0000,False
121.7154,1.5018,20.7905,0.0134,91.3500,0.7050,19.7967,0.0084,0.9938,0.0158,4051.0000,4466.0000,True
119.8123,1.4884,20.8076,0.0135,84.7535,0.6495,19.8781,0.0083,0.9295,0.0158,2576.0000,865.0000,True
119.6268,1.4864,20.8093,0.0135,92.4044,0.7031,19.7843,0.0083,1.0251,0.0158,1856.0000,5015.0000,True
118.8736,1.4719,20.8162,0.0134,89.8127,0.7241,19.8152,0.0088,1.0010,0.0160,2467.0000,3553.0000,True
118.1412,1.4658,20.8229,0.0135,90.9698,0.7792,19.8013,0.0093,1.0216,0.0164,1186.0000,2508.0000,True
117.4907,1.4539,20.8289,0.0134,89.2228,0.6747,19.8223,0.0082,1.0066,0.0157,2406.0000,1482.0000,True
116.2237,1.4386,20.8407,0.0134,93.0633,0.7064,19.7766,0.0082,1.0641,0.0158,2271.0000,1562.0000,True
115.7333,1.4418,20.8453,0.0135,85.9495,0.6838,19.8629,0.0086,0.9824,0.0160,4844.0000,4474.0000,True
115.7083,1.4303,20.8455,0.0134,83.1272,0.6351,19.8991,0.0083,0.9463,0.0158,1470.0000,4537.0000,True
114.8088,1.4291,20.8540,0.0135,108.7216,0.8482,19.6077,0.0085,1.2463,0.0160,4405.0000,3570.0000,False
113.2225,1.4001,20.8691,0.0134,66.9310,0.5170,20.1344,0.0084,0.7346,0.0158,1969.0000,3060.0000,False
112.0469,1.3901,20.8804,0.0135,108.5922,0.8241,19.6090,0.0082,1.2714,0.0158,2058.0000,4196.0000,False
111.6315,1.4169,20.8844,0.0138,61.0557,0.5383,20.2342,0.0096,0.6502,0.0168,3980.0000,1372.0000,False
111.5750,1.4033,20.8850,0.0137,90.5479,0.7409,19.8063,0.0089,1.0787,0.0163,206.0000,3452.0000,True
111.3077,1.4236,20.8876,0.0139,87.7731,0.7100,19.8401,0.0088,1.0475,0.0164,5047.0000,1774.0000,True
111.0861,1.3809,20.8898,0.0135,114.7967,0.8628,19.5487,0.0082,1.3411,0.0158,2888.0000,1936.0000,False
109.4331,1.4392,20.9060,0.0143,96.6544,0.7395,19.7354,0.0083,1.1706,0.0165,4836.0000,5588.0000,True
109.2032,1.3677,20.9083,0.0136,78.7151,0.6198,19.9584,0.0085,0.9500,0.0161,1603.0000,4689.0000,True
108.3738,9.6523,20.9166,0.0967,85.9476,7.0512,19.8629,0.0891,1.0537,0.1315,789.0000,2341.0000,True
108.2757,1.4718,20.9176,0.0148,96.6638,0.8404,19.7353,0.0094,1.1822,0.0175,3798.0000,5322.0000,True
108.2213,1.3419,20.9181,0.0135,107.5146,0.8247,19.6198,0.0083,1.2983,0.0158,1898.0000,4879.0000,False
107.8556,1.3482,20.9218,0.0136,84.6083,0.7542,19.8800,0.0097,1.0418,0.0167,4366.0000,4334.0000,True
107.7945,1.3377,20.9224,0.0135,55.4806,0.4403,20.3381,0.0086,0.5843,0.0160,1633.0000,1417.0000,False
106.8183,1.5726,20.9323,0.0160,77.3336,2.2510,19.9776,0.0316,0.9547,0.0354,4104.0000,1323.0000,True
105.8546,1.3156,20.9421,0.0135,116.0389,0.8941,19.5370,0.0084,1.4051,0.0159,5112.0000,1746.0000,False
105.7925,1.3194,20.9428,0.0135,89.9575,0.8308,19.8134,0.0100,1.1294,0.0168,5016.0000,5140.0000,True
105.4960,3.1246,20.9458,0.0322,80.9008,0.7507,19.9286,0.0101,1.0172,0.0337,5339.0000,3606.0000,True
104.7533,1.3790,20.9535,0.0143,74.7847,0.6469,20.0140,0.0094,0.9395,0.0171,4221.0000,1667.0000,True
104.4460,1.2997,20.9567,0.0135,83.0124,0.6311,19.9006,0.0083,1.0560,0.0158,3463.0000,1679.0000,True
103.5453,1.2867,20.9661,0.0135,95.4363,0.7979,19.7492,0.0091,1.2169,0.0163,3569.0000,4850.0000,True
103.4637,1.2901,20.9669,0.0135,97.0076,0.7268,19.7315,0.0081,1.2354,0.0158,4873.0000,2907.0000,False
103.1827,1.3176,20.9699,0.0139,79.0230,0.8944,19.9541,0.0123,1.0158,0.0185,3263.0000,1106.0000,True
103.0951,1.2829,20.9708,0.0135,83.0062,0.6339,19.9007,0.0083,1.0701,0.0159,4557.0000,2620.0000,True
103.0426,1.8040,20.9714,0.0190,84.2347,0.7200,19.8848,0.0093,1.0866,0.0212,4639.0000,4168.0000,True
100.9868,1.2545,20.9932,0.0135,93.8492,0.7100,19.7674,0.0082,1.2258,0.0158,2431.0000,3073.0000,True
100.3158,1.2492,21.0005,0.0135,87.9121,0.6666,19.8384,0.0082,1.1621,0.0158,3176.0000,3036.0000,True
99.9246,1.2502,21.0047,0.0136,73.1801,0.5813,20.0375,0.0086,0.9672,0.0161,1358.0000,3200.0000,True
99.8014,1.2516,21.0061,0.0136,73.3436,0.5728,20.0351,0.0085,0.9710,0.0160,3512.0000,1241.0000,True
99.4278,1.2631,21.0101,0.0138,81.9204,0.6577,19.9150,0.0087,1.0951,0.0163,3755.0000,5153.0000,True
99.3613,2.9280,21.0109,0.0320,81.9362,3.2015,19.9148,0.0424,1.0960,0.0531,1998.0000,3180.0000,True
97.1717,1.2705,21.0351,0.0142,74.4489,0.6119,20.0189,0.0089,1.0162,0.0168,4755.0000,5138.0000,True
96.3706,1.2022,21.0440,0.0135,76.3489,0.5869,19.9915,0.0083,1.0525,0.0159,3079.0000,1786.0000,True
96.2575,1.1994,21.0453,0.0135,89.7858,0.6874,19.8155,0.0083,1.2298,0.0159,1808.0000,3145.0000,True
95.8780,1.1954,21.0496,0.0135,62.1097,0.4854,20.2156,0.0085,0.8340,0.0160,1792.0000,3045.0000,False
95.4576,1.1902,21.0544,0.0135,72.6268,0.7989,20.0458,0.0119,1.0086,0.0181,5153.0000,4034.0000,True
94.9137,1.1839,21.0606,0.0135,97.1842,1.8802,19.7295,0.0210,1.3311,0.0250,4844.0000,2179.0000,False
94.8746,1.3507,21.0610,0.0155,64.1858,0.4990,20.1799,0.0084,0.8811,0.0176,432.0000,2026.0000,False
94.4915,1.3686,21.0654,0.0157,75.7872,0.9907,19.9995,0.0142,1.0659,0.0212,4701.0000,1758.0000,True
94.3183,1.1825,21.0674,0.0136,80.4284,0.6197,19.9350,0.0084,1.1324,0.0160,2391.0000,4005.0000,True
93.4080,1.1679,21.0779,0.0136,76.1426,0.5954,19.9944,0.0085,1.0835,0.0160,4399.0000,2023.0000,True
93.2461,1.1853,21.0798,0.0138,53.7512,0.4254,20.3725,0.0086,0.7073,0.0163,2650.0000,4783.0000,False
91.3304,1.1406,21.1024,0.0136,70.5994,0.5498,20.0765,0.0085,1.0259,0.0160,1669.0000,1518.0000,True
90.6504,1.3395,21.1105,0.0160,81.5180,0.7804,19.9204,0.0104,1.1901,0.0191,4296.0000,5085.0000,True
90.5524,1.1791,21.1117,0.0141,80.0305,2.1442,19.9404,0.0291,1.1713,0.0323,895.0000,1364.0000,True
89.7830,1.1212,21.1209,0.0136,80.1664,0.6200,19.9385,0.0084,1.1824,0.0159,3549.0000,5209.0000,True
89.5227,1.1215,21.1241,0.0136,69.5522,0.5565,20.0927,0.0087,1.0313,0.0161,1732.0000,5268.0000,True
89.3417,1.1190,21.1263,0.0136,68.5515,0.5386,20.1085,0.0085,1.0178,0.0161,5140.0000,2998.0000,True
89.1213,1.1177,21.1289,0.0136,74.0210,0.6801,20.0251,0.0100,1.1038,0.0169,2924.0000,1257.0000,True
89.0859,1.1121,21.1294,0.0136,68.6618,0.5358,20.1067,0.0085,1.0227,0.0160,4092.0000,4984.0000,True
88.6359,1.2263,21.1349,0.0150,77.3502,0.7949,19.9773,0.0112,1.1575,0.0187,5229.0000,1981.0000,True
87.5788,1.1311,21.1479,0.0140,75.8936,1.5083,19.9980,0.0216,1.1499,0.0257,4246.0000,3839.0000,True
87.5337,1.5530,21.1485,0.0193,71.8919,0.5611,20.0568,0.0085,1.0917,0.0210,2924.0000,318.0000,True
86.7385,1.0850,21.1584,0.0136,89.1731,0.6760,19.8229,0.0082,1.3355,0.0159,3307.0000,4095.0000,False
85.9208,1.0781,21.1687,0.0136,69.0512,0.6065,20.1006,0.0095,1.0681,0.0166,4725.0000,2280.0000,True
85.8028,1.0823,21.1701,0.0137,79.6345,0.6137,19.9457,0.0084,1.2244,0.0160,4965.0000,2993.0000,True
84.7216,1.1494,21.1839,0.0147,78.7948,0.6339,19.9573,0.0087,1.2267,0.0171,186.0000,3888.0000,True
84.6310,1.0684,21.1851,0.0137,69.7745,0.5424,20.0893,0.0084,1.0958,0.0161,4007.0000,1925.0000,True
84.0718,1.0544,21.1923,0.0136,85.7061,0.6502,19.8660,0.0082,1.3263,0.0159,2827.0000,2677.0000,False
83.7877,1.0542,21.1959,0.0137,83.6297,0.6394,19.8926,0.0083,1.3033,0.0160,3827.0000,2658.0000,False
83.2481,1.0452,21.2030,0.0136,89.6278,0.6798,19.8174,0.0082,1.3856,0.0159,3754.0000,1670.0000,False
82.7956,1.0470,21.2089,0.0137,72.2048,0.6442,20.0521,0.0097,1.1568,0.0168,3092.0000,1302.0000,True
82.3953,1.1691,21.2141,0.0154,60.1958,0.5028,20.2496,0.0091,0.9646,0.0179,637.0000,3311.0000,False
82.3147,1.0317,21.2152,0.0136,68.5996,0.6962,20.1077,0.0110,1.1075,0.0175,2366.0000,3403.0000,True
82.2139,1.0298,21.2165,0.0136,72.9848,0.7022,20.0404,0.0104,1.1761,0.0171,5184.0000,4838.0000,True
80.7953,3.1740,21.2354,0.0427,98.2529,2.1600,19.7176,0.0239,1.5178,0.0489,5238.0000,1994.0000,False
80.2041,1.0125,21.2434,0.0137,67.5987,0.5599,20.1237,0.0090,1.1198,0.0164,4328.0000,5152.0000,True
77.7990,0.9788,21.2765,0.0137,61.6910,0.4926,20.2229,0.0087,1.0535,0.0162,1624.0000,5169.0000,True
76.8966,0.9699,21.2891,0.0137,67.1309,0.5525,20.1312,0.0089,1.1579,0.0164,1711.0000,1068.0000,True
76.8331,1.0698,21.2900,0.0151,67.2615,0.6014,20.1291,0.0097,1.1609,0.0180,5230.0000,2624.0000,True
76.7716,0.9971,21.2909,0.0141,103.3230,0.8697,19.6630,0.0091,1.6279,0.0168,1011.0000,3089.0000,False
76.0873,0.9606,21.3006,0.0137,67.4492,1.4411,20.1261,0.0232,1.1746,0.0269,4407.0000,2133.0000,True
75.6493,1.0170,21.3069,0.0146,71.2141,0.6014,20.0671,0.0092,1.2398,0.0172,5210.0000,2368.0000,True
75.3469,1.7970,21.3112,0.0259,66.9436,0.5192,20.1342,0.0084,1.1770,0.0272,1629.0000,1229.0000,True
74.8019,0.9494,21.3191,0.0138,58.8452,0.5467,20.2742,0.0101,1.0449,0.0171,3876.0000,768.0000,True
74.6197,0.9560,21.3218,0.0139,67.8191,0.5274,20.1201,0.0084,1.2016,0.0163,2531.0000,3099.0000,True
74.2316,0.9391,21.3274,0.0137,65.3593,0.5120,20.1602,0.0085,1.1672,0.0162,3176.0000,3659.0000,True
74.0821,0.9352,21.3296,0.0137,66.0162,0.5129,20.1494,0.0084,1.1802,0.0161,3676.0000,3898.0000,True
73.4472,0.9273,21.3390,0.0137,65.8634,0.5123,20.1519,0.0084,1.1871,0.0161,2254.0000,3663.0000,True
73.4126,1.3915,21.3395,0.0206,62.6022,0.4963,20.2070,0.0086,1.1324,0.0223,2525.0000,3495.0000,True
73.3736,1.0356,21.3401,0.0153,59.9971,0.5109,20.2532,0.0092,1.0869,0.0179,3628.0000,5473.0000,True
72.6977,0.9199,21.3501,0.0137,63.2439,0.4960,20.1960,0.0085,1.1541,0.0162,4181.0000,1693.0000,True
71.6135,0.9039,21.3664,0.0137,67.8246,0.5712,20.1200,0.0091,1.2464,0.0165,4163.0000,5468.0000,True
71.2043,0.9013,21.3726,0.0137,64.5670,0.5042,20.1735,0.0085,1.1992,0.0161,2109.0000,3558.0000,True
70.7979,0.8954,21.3788,0.0137,65.5975,0.5088,20.1563,0.0084,1.2226,0.0161,2790.0000,3827.0000,True
70.3829,1.0189,21.3852,0.0157,67.1266,0.5197,20.1313,0.0084,1.2540,0.0178,5289.0000,5502.0000,True
70.2669,0.8891,21.3870,0.0137,65.4293,0.6134,20.1591,0.0102,1.2280,0.0171,5289.0000,4260.0000,True
70.2654,0.9163,21.3870,0.0142,61.6447,0.5098,20.2238,0.0090,1.1633,0.0168,3498.0000,4137.0000,True
70.2296,0.8892,21.3876,0.0137,45.1024,0.3637,20.5630,0.0088,0.8246,0.0163,4335.0000,2417.0000,False
69.2387,1.2146,21.4030,0.0190,66.2570,0.5891,20.1454,0.0097,1.2576,0.0214,3721.0000,4648.0000,True
68.9394,0.8793,21.4077,0.0138,73.5907,0.5966,20.0314,0.0088,1.3763,0.0164,5077.0000,3481.0000,False
68.8389,0.8708,21.4093,0.0137,79.3589,0.9111,19.9495,0.0125,1.4598,0.0185,5301.0000,4763.0000,False
68.0296,0.8627,21.4222,0.0138,52.2663,1.0357,20.4029,0.0215,1.0192,0.0255,189.0000,2008.0000,False
67.7708,0.8754,21.4263,0.0140,85.5207,0.6492,19.8683,0.0082,1.5580,0.0163,5375.0000,2178.0000,False
67.1451,0.8498,21.4364,0.0137,62.7977,0.4880,20.2036,0.0084,1.2327,0.0161,4431.0000,5172.0000,True
67.0860,0.8528,21.4373,0.0138,93.9271,0.7118,19.7665,0.0082,1.6708,0.0161,2576.0000,4189.0000,False
67.0336,0.8493,21.4382,0.0138,60.2776,0.4810,20.2481,0.0087,1.1901,0.0163,1848.0000,5109.0000,True
66.4387,0.8508,21.4478,0.0139,62.5513,0.5036,20.2079,0.0087,1.2399,0.0164,4408.0000,2872.0000,True
66.3855,1.4414,21.4487,0.0236,63.5649,0.4958,20.1905,0.0085,1.2583,0.0250,3483.0000,5261.0000,True
66.3534,0.9182,21.4492,0.0150,57.9995,0.4795,20.2899,0.0090,1.1593,0.0175,2793.0000,712.0000,True
66.2290,0.8490,21.4513,0.0139,59.7207,0.4880,20.2582,0.0089,1.1931,0.0165,1796.0000,4859.0000,True
66.1611,0.8656,21.4524,0.0142,51.8923,0.4161,20.4107,0.0087,1.0417,0.0167,2490.0000,4291.0000,False
66.1608,0.8393,21.4524,0.0138,64.1687,0.5009,20.1802,0.0085,1.2722,0.0162,2845.0000,3960.0000,True
65.7928,0.8387,21.4585,0.0138,58.4151,0.5231,20.2822,0.0097,1.1763,0.0169,210.0000,659.0000,True
65.5873,0.8346,21.4619,0.0138,58.7092,0.4888,20.2767,0.0090,1.1851,0.0165,4718.0000,5272.0000,True
65.3181,0.8303,21.4663,0.0138,59.7671,0.4682,20.2573,0.0085,1.2090,0.0162,2323.0000,2139.0000,True
65.1775,0.8301,21.4687,0.0138,73.5370,0.5708,20.0322,0.0084,1.4364,0.0162,3900.0000,3805.0000,False
64.9526,0.8622,21.4724,0.0144,58.2755,0.6152,20.2848,0.0115,1.1876,0.0184,1277.0000,457.0000,True
64.5325,0.8427,21.4795,0.0142,55.1287,0.4509,20.3451,0.0089,1.1344,0.0167,3212.0000,640.0000,True
63.3845,1.0341,21.4989,0.0177,40.9251,0.3860,20.6685,0.0102,0.8304,0.0205,5339.0000,4568.0000,False
62.5891,0.9152,21.5127,0.0159,65.7680,0.5147,20.1535,0.0085,1.3592,0.0180,5085.0000,2106.0000,True
62.3102,0.8108,21.5175,0.0141,65.9547,0.5315,20.1504,0.0087,1.3671,0.0166,4571.0000,3081.0000,True
62.1083,0.7921,21.5210,0.0138,54.4713,0.4567,20.3581,0.0091,1.1629,0.0166,1243.0000,3204.0000,True
61.6813,1.1319,21.5285,0.0199,56.9333,0.4484,20.3101,0.0086,1.2184,0.0217,2226.0000,3469.0000,True
61.4654,0.7834,21.5323,0.0138,61.0301,0.4768,20.2346,0.0085,1.2977,0.0162,1488.0000,3851.0000,True
61.2155,1.1771,21.5367,0.0209,133.1633,1.0101,19.3875,0.0082,2.1492,0.0224,1732.0000,365.0000,False
60.7870,0.8077,21.5444,0.0144,56.6649,0.5698,20.3152,0.0109,1.2292,0.0181,413.0000,2965.0000,True
60.2890,0.7685,21.5533,0.0138,55.1359,0.4517,20.3449,0.0089,1.2084,0.0165,1961.0000,4480.0000,True
59.5192,0.9501,21.5673,0.0173,60.3038,0.4709,20.2476,0.0085,1.3196,0.0193,2357.0000,1310.0000,True
59.4532,0.7591,21.5685,0.0139,54.4937,0.4462,20.3576,0.0089,1.2108,0.0165,2395.0000,4561.0000,True
59.1057,0.7592,21.5748,0.0139,61.8665,0.6433,20.2199,0.0113,1.3550,0.0179,3257.0000,1058.0000,True
59.0741,0.7546,21.5754,0.0139,56.5374,0.4431,20.3177,0.0085,1.2577,0.0163,2432.0000,3220.0000,True
58.8470,0.7645,21.5796,0.0141,49.3116,0.4128,20.4661,0.0091,1.1135,0.0168,467.0000,2404.0000,True
58.3217,0.7661,21.5893,0.0143,63.0947,0.5172,20.1985,0.0089,1.3908,0.0168,4389.0000,4843.0000,True
57.8561,0.7401,21.5980,0.0139,52.8609,0.4206,20.3907,0.0086,1.2074,0.0164,3213.0000,2538.0000,True
57.4683,0.7355,21.6053,0.0139,52.8209,0.4220,20.3915,0.0087,1.2138,0.0164,1617.0000,3005.0000,True
57.3075,0.7362,21.6084,0.0139,51.1247,0.4123,20.4269,0.0088,1.1814,0.0165,2503.0000,3856.0000,True
56.8120,0.7276,21.6178,0.0139,73.3643,0.5679,20.0348,0.0084,1.5830,0.0162,1824.0000,2417.0000,False
55.5532,0.7433,21.6421,0.0145,52.7602,0.4193,20.3927,0.0086,1.2494,0.0169,3576.0000,4915.0000,True
55.4014,0.8579,21.6451,0.0168,54.5986,0.4771,20.3555,0.0095,1.2896,0.0193,5312.0000,4599.0000,True
54.7868,0.7035,21.6572,0.0139,53.5460,0.4229,20.3767,0.0086,1.2805,0.0164,3080.0000,2281.0000,True
54.6027,0.7151,21.6609,0.0142,83.3214,0.6328,19.8966,0.0082,1.7643,0.0164,4283.0000,4369.0000,False
54.5268,0.7708,21.6624,0.0153,56.5497,0.4467,20.3174,0.0086,1.3450,0.0176,2399.0000,4680.0000,True
54.2142,2.3970,21.6686,0.0480,65.7699,0.5490,20.1534,0.0091,1.5152,0.0489,2679.0000,4396.0000,False
53.4529,2.2579,21.6840,0.0459,96.7914,3.3333,19.7339,0.0374,1.9501,0.0592,1194.0000,1178.0000,False
53.3176,0.7030,21.6867,0.0143,48.9171,0.4139,20.4748,0.0092,1.2119,0.0170,2811.0000,1196.0000,True
52.9201,0.6811,21.6948,0.0140,31.5554,0.2711,20.9508,0.0093,0.7440,0.0168,3823.0000,5091.0000,False
52.9136,0.6837,21.6950,0.0140,48.9289,0.3949,20.4746,0.0088,1.2204,0.0165,4937.0000,3912.0000,True
52.8449,0.6837,21.6964,0.0140,31.4528,0.3404,20.9544,0.0117,0.7420,0.0183,4872.0000,2003.0000,False
51.9244,0.6688,21.7155,0.0140,55.0638,0.6041,20.3463,0.0119,1.3691,0.0184,3096.0000,4838.0000,True
51.3794,0.6640,21.7269,0.0140,53.4238,0.4252,20.3792,0.0086,1.3478,0.0165,3147.0000,2884.0000,True
50.9440,0.6576,21.7362,0.0140,51.3730,0.4218,20.4217,0.0089,1.3145,0.0166,2312.0000,4156.0000,True
50.7482,0.6599,21.7403,0.0141,50.3511,0.4028,20.4435,0.0087,1.2969,0.0166,4125.0000,4612.0000,True
50.6688,0.6671,21.7420,0.0143,40.2560,0.3311,20.6864,0.0089,1.0556,0.0169,4560.0000,2036.0000,False
50.0267,0.6734,21.7559,0.0146,49.7950,0.4092,20.4555,0.0089,1.3004,0.0171,2601.0000,769.0000,True
49.9938,0.7484,21.7566,0.0163,83.3353,0.6330,19.8964,0.0082,1.8602,0.0182,5123.0000,4226.0000,False
49.8742,0.6701,21.7592,0.0146,36.7465,0.3067,20.7855,0.0091,0.9737,0.0172,1318.0000,1859.0000,False
49.8672,0.7667,21.7594,0.0167,50.2269,0.4147,20.4462,0.0090,1.3132,0.0189,4944.0000,2833.0000,True
49.1631,0.6358,21.7748,0.0140,63.0405,0.4906,20.1995,0.0084,1.5754,0.0164,2899.0000,2680.0000,False
48.8420,0.6361,21.7819,0.0141,50.2198,0.4025,20.4463,0.0087,1.3356,0.0166,4503.0000,3405.0000,True
48.8402,0.6747,21.7820,0.0150,29.1264,0.3938,21.0378,0.0147,0.7442,0.0210,279.0000,2637.0000,False
48.3839,1.0014,21.7921,0.0225,49.3647,1.0969,20.4650,0.0241,1.3272,0.0330,3527.0000,2858.0000,True
48.3480,0.6264,21.7930,0.0141,46.1519,0.3799,20.5380,0.0089,1.2549,0.0167,1450.0000,2299.0000,True
48.2884,0.6273,21.7943,0.0141,47.1388,0.4691,20.5151,0.0108,1.2792,0.0178,4919.0000,3042.0000,True
48.1778,2.2030,21.7968,0.0496,30.0269,0.2888,21.0047,0.0104,0.7921,0.0507,2341.0000,4783.0000,False
47.4534,0.6517,21.8132,0.0149,106.1549,0.8039,19.6336,0.0082,2.1796,0.0170,2415.0000,457.0000,False
47.4496,0.8640,21.8133,0.0198,49.3229,1.0082,20.4659,0.0222,1.3474,0.0297,3478.0000,5281.0000,True
46.9680,0.6099,21.8244,0.0141,48.3703,0.3874,20.4871,0.0087,1.3373,0.0166,2210.0000,3513.0000,True
46.7700,0.6094,21.8290,0.0141,29.2016,0.6148,21.0350,0.0229,0.7940,0.0269,1592.0000,4957.0000,False
46.7528,0.6083,21.8294,0.0141,43.3841,0.3528,20.6052,0.0088,1.2242,0.0167,3807.0000,1782.0000,True
46.1874,0.6630,21.8426,0.0156,44.4835,0.3704,20.5780,0.0090,1.2646,0.0180,4756.0000,5379.0000,True
45.6776,0.7489,21.8546,0.0178,43.6846,0.3642,20.5977,0.0091,1.2570,0.0200,5036.0000,2354.0000,True
45.6092,3.4544,21.8563,0.0822,48.3147,0.3890,20.4883,0.0087,1.3680,0.0827,5269.0000,4118.0000,True
45.3571,0.5964,21.8623,0.0143,45.1977,0.5413,20.5607,0.0130,1.3016,0.0193,2759.0000,1291.0000,True
45.0747,0.5891,21.8691,0.0142,36.3206,1.7752,20.7981,0.0531,1.0710,0.0549,5234.0000,3456.0000,False
45.0319,0.5872,21.8701,0.0142,48.1218,0.3873,20.4926,0.0087,1.3775,0.0166,2573.0000,2073.0000,True
44.9738,0.6702,21.8715,0.0162,42.9818,0.3586,20.6153,0.0091,1.2562,0.0185,1900.0000,709.0000,True
44.7449,1.4542,21.8770,0.0353,47.3317,0.3846,20.5106,0.0088,1.3664,0.0364,246.0000,2537.0000,True
44.5006,0.5805,21.8830,0.0142,43.8816,0.3553,20.5928,0.0088,1.2902,0.0167,2298.0000,1288.0000,True
44.4355,0.6420,21.8846,0.0157,48.5068,0.4703,20.4840,0.0105,1.4006,0.0189,434.0000,2526.0000,True
44.3056,5.4421,21.8878,0.1334,52.8181,4.5717,20.3915,0.0940,1.4962,0.1631,2001.0000,3187.0000,False
44.2121,0.6231,21.8900,0.0153,43.6027,0.3589,20.5997,0.0089,1.2903,0.0177,3655.0000,4390.0000,True
44.1584,0.6041,21.8914,0.0149,47.2290,0.7542,20.5130,0.0173,1.3784,0.0228,4928.0000,2424.0000,True
43.6035,0.5696,21.9051,0.0142,57.2316,0.4488,20.3044,0.0085,1.6007,0.0165,3700.0000,2507.0000,False
43.5709,0.5700,21.9059,0.0142,51.1744,0.4070,20.4259,0.0086,1.4800,0.0166,3712.0000,2373.0000,False
43.5616,0.5720,21.9061,0.0143,43.9869,0.3629,20.5902,0.0090,1.3159,0.0168,5003.0000,1773.0000,True
43.4811,0.5678,21.9081,0.0142,36.7970,0.3065,20.7840,0.0090,1.1242,0.0168,1766.0000,5360.0000,False
43.4522,0.5687,21.9089,0.0142,64.3382,0.5052,20.1773,0.0085,1.7315,0.0166,2374.0000,2108.0000,False
43.2762,0.5648,21.9133,0.0142,45.4818,0.3931,20.5539,0.0094,1.3594,0.0170,3607.0000,5449.0000,True
42.7281,0.5634,21.9271,0.0143,42.8255,0.3539,20.6192,0.0090,1.3079,0.0169,3942.0000,507.0000,True
42.6484,0.5625,21.9291,0.0143,43.7800,0.3573,20.5953,0.0089,1.3338,0.0168,2435.0000,3090.0000,True
42.4285,0.5571,21.9348,0.0143,43.0767,0.7911,20.6129,0.0199,1.3219,0.0245,2141.0000,4787.0000,True
42.3712,0.5892,21.9362,0.0151,54.4981,0.4305,20.3575,0.0086,1.5787,0.0174,1980.0000,3147.0000,False
42.1169,0.5513,21.9428,0.0142,40.9599,0.3360,20.6676,0.0089,1.2752,0.0168,3436.0000,1544.0000,True
41.3813,0.6473,21.9619,0.0170,42.5977,0.3491,20.6250,0.0089,1.3369,0.0192,3653.0000,3172.0000,True
41.2918,0.5415,21.9642,0.0142,44.2394,0.3577,20.5840,0.0088,1.3803,0.0167,2919.0000,5200.0000,True
41.1731,0.5412,21.9674,0.0143,70.3461,0.5454,20.0804,0.0084,1.8870,0.0166,4595.0000,1708.0000,False
41.1373,0.5407,21.9683,0.0143,81.4322,0.6257,19.9215,0.0083,2.0468,0.0165,2379.0000,4919.0000,False
41.0384,0.6781,21.9709,0.0179,47.6341,0.3804,20.5037,0.0087,1.4672,0.0199,4903.0000,4661.0000,True
40.7012,0.5598,21.9799,0.0149,45.3733,0.4613,20.5565,0.0110,1.4234,0.0186,2422.0000,4872.0000,True
40.5968,0.5670,21.9827,0.0152,82.4022,10.3869,19.9087,0.1369,2.0740,0.1377,641.0000,3025.0000,False
40.3103,0.5318,21.9904,0.0143,26.2481,1.8555,21.1508,0.0767,0.8396,0.0781,3274.0000,1051.0000,False
40.2341,0.7300,21.9924,0.0197,83.2686,0.6426,19.8973,0.0084,2.0951,0.0214,3660.0000,4916.0000,False
39.6901,0.5231,22.0072,0.0143,47.6278,0.3864,20.5038,0.0088,1.5033,0.0168,3988.0000,3343.0000,False
39.6267,0.5236,22.0089,0.0143,42.1264,0.3689,20.6371,0.0095,1.3718,0.0172,4016.0000,3513.0000,False
39.6073,0.7131,22.0095,0.0195,33.8747,0.4094,20.8738,0.0131,1.1356,0.0235,1285.0000,3638.0000,False
39.5159,0.5221,22.0120,0.0143,29.1826,0.2499,21.0357,0.0093,0.9763,0.0171,750.0000,1534.0000,False
38.5566,0.5086,22.0387,0.0143,33.4982,0.2805,20.8859,0.0091,1.1527,0.0170,3349.0000,4178.0000,False
38.0575,0.5049,22.0528,0.0144,42.9523,0.3485,20.6160,0.0088,1.4368,0.0169,1624.0000,2661.0000,False
37.7480,0.5002,22.0617,0.0144,42.3852,0.3445,20.6305,0.0088,1.4312,0.0169,4151.0000,4115.0000,False
37.1917,0.4923,22.0778,0.0144,50.6776,0.4027,20.4365,0.0086,1.6413,0.0168,1916.0000,2748.0000,False
37.0535,0.5045,22.0818,0.0148,56.9376,1.5095,20.3100,0.0288,1.7718,0.0324,467.0000,973.0000,False
36.9225,0.4892,22.0857,0.0144,47.3554,0.3839,20.5101,0.0088,1.5756,0.0169,1445.0000,4145.0000,False
36.8594,0.4900,22.0875,0.0144,41.5944,0.3402,20.6509,0.0089,1.4366,0.0169,3071.0000,3828.0000,False
36.7677,0.4910,22.0902,0.0145,37.4515,0.3278,20.7648,0.0095,1.3254,0.0173,2168.0000,971.0000,False
36.7540,0.4880,22.0906,0.0144,40.9596,0.3363,20.6676,0.0089,1.4230,0.0169,3513.0000,2967.0000,False
36.6013,0.5514,22.0952,0.0164,45.6389,0.4063,20.5502,0.0097,1.5450,0.0190,5318.0000,5205.0000,False
36.3056,0.4882,22.1040,0.0146,49.7317,0.3962,20.4569,0.0087,1.6471,0.0170,1417.0000,4302.0000,False
36.2733,0.4863,22.1049,0.0146,46.7934,0.5197,20.5230,0.0121,1.5819,0.0189,1400.0000,640.0000,False
35.9381,0.5175,22.1150,0.0156,49.2279,0.3947,20.4680,0.0087,1.6470,0.0179,3102.0000,5304.0000,False
35.8538,0.4776,22.1176,0.0145,48.4799,1.8803,20.4846,0.0421,1.6330,0.0445,3028.0000,4527.0000,False
35.0512,0.4734,22.1421,0.0147,42.3617,0.5295,20.6311,0.0136,1.5111,0.0200,2602.0000,4453.0000,False
34.9290,0.6108,22.1459,0.0190,41.8171,0.3417,20.6451,0.0089,1.5008,0.0210,4384.0000,4996.0000,False
34.5258,1.5833,22.1585,0.0498,32.6975,1.2294,20.9122,0.0408,1.2463,0.0644,290.0000,2337.0000,False
34.4862,0.4673,22.1598,0.0147,40.7852,0.3727,20.6722,0.0099,1.4875,0.0177,1883.0000,2295.0000,False
33.9392,0.4988,22.1771,0.0160,41.9417,0.3418,20.6419,0.0088,1.5353,0.0182,4460.0000,1612.0000,False
33.8679,0.4553,22.1794,0.0146,38.2633,0.3158,20.7415,0.0090,1.4379,0.0171,2167.0000,3503.0000,False
33.1252,0.4451,22.2035,0.0146,39.8251,0.3279,20.6981,0.0089,1.5054,0.0171,4096.0000,3669.0000,False
33.0703,0.4445,22.2053,0.0146,34.2706,1.1222,20.8612,0.0356,1.3441,0.0384,4635.0000,2972.0000,False
32.9727,0.4912,22.2085,0.0162,36.8167,0.3584,20.7834,0.0106,1.4251,0.0193,4824.0000,5567.0000,False
32.7152,0.5083,22.2170,0.0169,88.0361,1.0993,19.8368,0.0136,2.3802,0.0216,5204.0000,1608.0000,False
32.4241,3.2147,22.2267,0.1076,56.2749,5.2487,20.3227,0.1013,1.9040,0.1478,1197.0000,1183.0000,False
32.0876,0.4321,22.2381,0.0146,37.0605,0.3117,20.7762,0.0091,1.4618,0.0172,3009.0000,4037.0000,False
32.0525,0.4363,22.2392,0.0148,44.4243,0.5268,20.5794,0.0129,1.6598,0.0196,5362.0000,3782.0000,False
31.8750,0.4282,22.2453,0.0146,34.7946,0.2930,20.8447,0.0091,1.4006,0.0172,2263.0000,2884.0000,False
31.6073,0.4433,22.2544,0.0152,40.6764,0.3340,20.6751,0.0089,1.5793,0.0176,4093.0000,1469.0000,False
31.1220,0.6378,22.2712,0.0223,38.0345,1.2736,20.7481,0.0364,1.5232,0.0426,5211.0000,4949.0000,False
31.0181,0.4256,22.2749,0.0149,36.0999,0.3998,20.8047,0.0120,1.4701,0.0191,4705.0000,2590.0000,False
30.8867,0.4621,22.2795,0.0162,36.6487,0.6004,20.7884,0.0178,1.4911,0.0241,3448.0000,2629.0000,False
30.8706,0.4175,22.2800,0.0147,29.3578,0.2521,21.0292,0.0093,1.2508,0.0174,3310.0000,4131.0000,False
30.4187,0.4105,22.2960,0.0147,40.2790,0.3305,20.6858,0.0089,1.6102,0.0171,3973.0000,5034.0000,False
30.3365,0.4099,22.2990,0.0147,39.8134,0.3248,20.6984,0.0089,1.6006,0.0171,1789.0000,2664.0000,False
30.1533,0.4987,22.3056,0.0180,33.0169,3.5516,20.9017,0.1168,1.4039,0.1182,4772.0000,5278.0000,False
29.9632,0.5045,22.3124,0.0183,36.2681,0.5410,20.7997,0.0162,1.5127,0.0244,766.0000,2784.0000,False
29.4218,0.4012,22.3322,0.0148,37.2206,0.4685,20.7715,0.0137,1.5607,0.0201,4827.0000,4716.0000,False
29.4069,0.3989,22.3328,0.0147,35.2939,0.2973,20.8293,0.0091,1.5035,0.0173,2607.0000,3907.0000,False
29.3715,1.0311,22.3341,0.0381,35.4472,0.3011,20.8245,0.0092,1.5095,0.0392,2768.0000,5398.0000,False
28.9083,0.5415,22.3513,0.0203,33.0341,0.2899,20.9011,0.0095,1.4503,0.0225,267.0000,3935.0000,False
28.5372,0.5376,22.3654,0.0205,33.2279,0.2883,20.8947,0.0094,1.4706,0.0225,2315.0000,5361.0000,False
27.8482,0.6300,22.3919,0.0246,36.4273,0.3557,20.7949,0.0106,1.5970,0.0268,4587.0000,2094.0000,False
27.8327,0.3805,22.3925,0.0148,32.6262,0.2765,20.9146,0.0092,1.4779,0.0175,2314.0000,3994.0000,False
27.8215,0.9040,22.3929,0.0353,46.7805,0.3809,20.5233,0.0088,1.8696,0.0364,2491.0000,5049.0000,False
27.7225,0.3791,22.3968,0.0148,34.2162,0.2858,20.8629,0.0091,1.5339,0.0174,3015.0000,2908.0000,False
27.1533,0.3725,22.4193,0.0149,32.7611,0.2786,20.9101,0.0092,1.5092,0.0175,2818.0000,4239.0000,False
26.6627,0.4140,22.4391,0.0169,34.0929,0.2883,20.8668,0.0092,1.5723,0.0192,1175.0000,1211.0000,False
26.2904,0.4023,22.4544,0.0166,33.5989,1.0479,20.8827,0.0339,1.5717,0.0377,5028.0000,4477.0000,False
26.1413,0.4213,22.4606,0.0175,33.9883,0.4169,20.8702,0.0133,1.5904,0.0220,5260.0000,4147.0000,False
25.9982,0.7598,22.4665,0.0317,32.6457,0.2794,20.9139,0.0093,1.5526,0.0331,4837.0000,2966.0000,False
25.8313,0.3952,22.4735,0.0166,46.0206,5.8083,20.5411,0.1370,1.9324,0.1380,604.0000,1401.0000,False
25.5788,1.7746,22.4842,0.0753,71.7388,0.5692,20.0591,0.0086,2.4251,0.0758,3598.0000,788.0000,False
25.2873,0.3667,22.4966,0.0157,34.7861,0.3215,20.8450,0.0100,1.6517,0.0187,4669.0000,4488.0000,False
24.3344,0.3741,22.5383,0.0167,38.3084,0.5467,20.7403,0.0155,1.7981,0.0228,614.0000,2824.0000,False
21.2196,1.2091,22.6871,0.0619,30.2050,0.2593,20.9983,0.0093,1.6888,0.0626,1661.0000,5116.0000,False
